[Tue Dec  3 19:14:39 2024] Config server carregada.
[Tue Dec  3 19:14:39 2024] Servidor começou
[Tue Dec  3 19:14:39 2024] Boards carregados para memoria com sucesso
[Tue Dec  3 19:14:39 2024] A começar setup do socket de connecção
[Tue Dec  3 19:14:39 2024] Socket criado com sucesso. socket_fd: 3
[Tue Dec  3 19:14:39 2024] Socket deu bind com sucesso
[Tue Dec  3 19:14:39 2024] Server começou a ouvir conecções ao servidor
[Tue Dec  3 19:14:59 2024] Receiving new connection
[Tue Dec  3 19:14:59 2024] New Ranked room created and first client connected
[Tue Dec  3 19:14:59 2024] Client has connected to room: room_0, with ID 1 and socket: 4
[Tue Dec  3 19:14:59 2024] Client handshake completed
[Tue Dec  3 19:15:44 2024] Server shutting down gracefully
[Tue Dec  3 19:15:44 2024] Server Gracefully Shutdown
[Tue Dec  3 19:15:45 2024] Config server carregada.
[Tue Dec  3 19:15:45 2024] Servidor começou
[Tue Dec  3 19:15:45 2024] Boards carregados para memoria com sucesso
[Tue Dec  3 19:15:45 2024] A começar setup do socket de connecção
[Tue Dec  3 19:15:45 2024] Socket criado com sucesso. socket_fd: 3
[Tue Dec  3 19:15:45 2024] Socket deu bind com sucesso
[Tue Dec  3 19:15:45 2024] Server começou a ouvir conecções ao servidor
[Tue Dec  3 19:15:47 2024] Receiving new connection
[Tue Dec  3 19:15:47 2024] New Ranked room created and first client connected
[Tue Dec  3 19:15:47 2024] Client has connected to room: room_0, with ID 1 and socket: 4
[Tue Dec  3 19:15:47 2024] Client handshake completed
[Tue Dec  3 19:16:18 2024] Server shutting down gracefully
[Tue Dec  3 19:16:18 2024] Server Gracefully Shutdown
[Tue Dec  3 19:16:20 2024] Config server carregada.
[Tue Dec  3 19:16:20 2024] Servidor começou
[Tue Dec  3 19:16:20 2024] Boards carregados para memoria com sucesso
[Tue Dec  3 19:16:20 2024] A começar setup do socket de connecção
[Tue Dec  3 19:16:20 2024] Socket criado com sucesso. socket_fd: 3
[Tue Dec  3 19:16:20 2024] Socket deu bind com sucesso
[Tue Dec  3 19:16:20 2024] Server começou a ouvir conecções ao servidor
[Tue Dec  3 19:16:38 2024] Receiving new connection
[Tue Dec  3 19:16:38 2024] New Ranked room created and first client connected
[Tue Dec  3 19:16:38 2024] Client has connected to room: room_0, with ID 1 and socket: 4
[Tue Dec  3 19:16:38 2024] Client handshake completed
[Tue Dec  3 19:17:32 2024] Config server carregada.
[Tue Dec  3 19:17:32 2024] Servidor começou
[Tue Dec  3 19:17:32 2024] Boards carregados para memoria com sucesso
[Tue Dec  3 19:17:32 2024] A começar setup do socket de connecção
[Tue Dec  3 19:17:32 2024] Socket criado com sucesso. socket_fd: 3
[Tue Dec  3 19:17:32 2024] Socket deu bind com sucesso
[Tue Dec  3 19:17:32 2024] Server começou a ouvir conecções ao servidor
[Tue Dec  3 19:17:34 2024] Receiving new connection
[Tue Dec  3 19:17:34 2024] New Ranked room created and first client connected
[Tue Dec  3 19:17:34 2024] Client has connected to room: room_0, with ID 1 and socket: 4
[Tue Dec  3 19:17:34 2024] Client handshake completed
[Tue Dec  3 19:18:19 2024] Config server carregada.
[Tue Dec  3 19:18:19 2024] Servidor começou
[Tue Dec  3 19:18:19 2024] Boards carregados para memoria com sucesso
[Tue Dec  3 19:18:19 2024] A começar setup do socket de connecção
[Tue Dec  3 19:18:19 2024] Socket criado com sucesso. socket_fd: 3
[Tue Dec  3 19:18:19 2024] Socket deu bind com sucesso
[Tue Dec  3 19:18:19 2024] Server começou a ouvir conecções ao servidor
[Tue Dec  3 19:18:21 2024] Receiving new connection
[Tue Dec  3 19:18:21 2024] New Ranked room created and first client connected
[Tue Dec  3 19:18:21 2024] Client has connected to room: room_0, with ID 1 and socket: 4
[Tue Dec  3 19:18:21 2024] Client handshake completed
[Tue Dec  3 19:20:04 2024] Config server carregada.
[Tue Dec  3 19:20:04 2024] Servidor começou
[Tue Dec  3 19:20:04 2024] Boards carregados para memoria com sucesso
[Tue Dec  3 19:20:04 2024] A começar setup do socket de connecção
[Tue Dec  3 19:20:04 2024] Socket criado com sucesso. socket_fd: 3
[Tue Dec  3 19:20:04 2024] Socket deu bind com sucesso
[Tue Dec  3 19:20:04 2024] Server começou a ouvir conecções ao servidor
[Tue Dec  3 19:20:36 2024] Receiving new connection
[Tue Dec  3 19:20:36 2024] New Ranked room created and first client connected
[Tue Dec  3 19:20:36 2024] Client has connected to room: room_0, with ID 1 and socket: 4
[Tue Dec  3 19:20:36 2024] Client handshake completed
[Tue Dec  3 19:21:02 2024] Config server carregada.
[Tue Dec  3 19:21:02 2024] Servidor começou
[Tue Dec  3 19:21:02 2024] Boards carregados para memoria com sucesso
[Tue Dec  3 19:21:02 2024] A começar setup do socket de connecção
[Tue Dec  3 19:21:02 2024] Socket criado com sucesso. socket_fd: 3
[Tue Dec  3 19:21:02 2024] Socket deu bind com sucesso
[Tue Dec  3 19:21:02 2024] Server começou a ouvir conecções ao servidor
[Tue Dec  3 19:21:15 2024] Config server carregada.
[Tue Dec  3 19:21:15 2024] Servidor começou
[Tue Dec  3 19:21:15 2024] Boards carregados para memoria com sucesso
[Tue Dec  3 19:21:15 2024] A começar setup do socket de connecção
[Tue Dec  3 19:21:15 2024] Socket criado com sucesso. socket_fd: 3
[Tue Dec  3 19:21:15 2024] Socket deu bind com sucesso
[Tue Dec  3 19:21:15 2024] Server começou a ouvir conecções ao servidor
[Tue Dec  3 19:21:21 2024] Config server carregada.
[Tue Dec  3 19:21:21 2024] Servidor começou
[Tue Dec  3 19:21:21 2024] Boards carregados para memoria com sucesso
[Tue Dec  3 19:21:21 2024] A começar setup do socket de connecção
[Tue Dec  3 19:21:21 2024] Socket criado com sucesso. socket_fd: 3
[Tue Dec  3 19:21:21 2024] Socket deu bind com sucesso
[Tue Dec  3 19:21:21 2024] Server começou a ouvir conecções ao servidor
[Tue Dec  3 19:23:20 2024] Config server carregada.
[Tue Dec  3 19:23:20 2024] Servidor começou
[Tue Dec  3 19:23:20 2024] Boards carregados para memoria com sucesso
[Tue Dec  3 19:23:20 2024] A começar setup do socket de connecção
[Tue Dec  3 19:23:20 2024] Socket criado com sucesso. socket_fd: 3
[Tue Dec  3 19:23:20 2024] Socket deu bind com sucesso
[Tue Dec  3 19:23:20 2024] Server começou a ouvir conecções ao servidor
[Tue Dec  3 19:23:27 2024] Receiving new connection
[Tue Dec  3 19:23:27 2024] New Ranked room created and first client connected
[Tue Dec  3 19:23:27 2024] Client has connected to room: room_0, with ID 1 and socket: 4
[Tue Dec  3 19:23:27 2024] Client handshake completed
[Tue Dec  3 19:23:36 2024] Receiving new connection
[Tue Dec  3 19:23:36 2024] New Ranked room created and first client connected
[Tue Dec  3 19:23:36 2024] Client has connected to room: room_1, with ID 1 and socket: 7
[Tue Dec  3 19:23:36 2024] Client handshake completed
[Tue Dec  3 19:24:36 2024] Config server carregada.
[Tue Dec  3 19:24:36 2024] Servidor começou
[Tue Dec  3 19:24:36 2024] Boards carregados para memoria com sucesso
[Tue Dec  3 19:24:36 2024] A começar setup do socket de connecção
[Tue Dec  3 19:24:36 2024] Socket criado com sucesso. socket_fd: 3
[Tue Dec  3 19:24:36 2024] Socket deu bind com sucesso
[Tue Dec  3 19:24:36 2024] Server começou a ouvir conecções ao servidor
[Tue Dec  3 19:24:39 2024] Receiving new connection
[Tue Dec  3 19:24:39 2024] New Ranked room created and first client connected
[Tue Dec  3 19:24:39 2024] Client has connected to room: room_0, with ID 1 and socket: 4
[Tue Dec  3 19:24:39 2024] Client handshake completed
[Tue Dec  3 19:25:28 2024] Config server carregada.
[Tue Dec  3 19:25:28 2024] Servidor começou
[Tue Dec  3 19:25:28 2024] Boards carregados para memoria com sucesso
[Tue Dec  3 19:25:28 2024] A começar setup do socket de connecção
[Tue Dec  3 19:25:28 2024] Socket criado com sucesso. socket_fd: 3
[Tue Dec  3 19:25:28 2024] Socket deu bind com sucesso
[Tue Dec  3 19:25:28 2024] Server começou a ouvir conecções ao servidor
[Tue Dec  3 19:25:32 2024] Receiving new connection
[Tue Dec  3 19:25:32 2024] New Casual room created and first client connected
[Tue Dec  3 19:25:32 2024] Client has connected to room: room_0, with ID 1 and socket: 4
[Tue Dec  3 19:25:32 2024] Client handshake completed
[Tue Dec  3 19:27:24 2024] Config server carregada.
[Tue Dec  3 19:27:24 2024] Servidor começou
[Tue Dec  3 19:27:24 2024] Boards carregados para memoria com sucesso
[Tue Dec  3 19:27:24 2024] A começar setup do socket de connecção
[Tue Dec  3 19:27:24 2024] Socket criado com sucesso. socket_fd: 3
[Tue Dec  3 19:27:24 2024] Socket deu bind com sucesso
[Tue Dec  3 19:27:24 2024] Server começou a ouvir conecções ao servidor
[Tue Dec  3 19:27:27 2024] Receiving new connection
[Tue Dec  3 19:27:27 2024] New Casual room created and first client connected
[Tue Dec  3 19:27:27 2024] Client has connected to room: room_0, with ID 1 and socket: 4
[Tue Dec  3 19:27:27 2024] Client handshake completed
[Tue Dec  3 19:29:33 2024] Config server carregada.
[Tue Dec  3 19:29:33 2024] Servidor começou
[Tue Dec  3 19:29:33 2024] Boards carregados para memoria com sucesso
[Tue Dec  3 19:29:33 2024] A começar setup do socket de connecção
[Tue Dec  3 19:29:33 2024] Socket criado com sucesso. socket_fd: 3
[Tue Dec  3 19:29:33 2024] Socket deu bind com sucesso
[Tue Dec  3 19:29:33 2024] Server começou a ouvir conecções ao servidor
[Tue Dec  3 19:29:35 2024] Receiving new connection
[Tue Dec  3 19:29:35 2024] New Casual room created and first client connected
[Tue Dec  3 19:29:35 2024] Client has connected to room: room_0, with ID 1 and socket: 4
[Tue Dec  3 19:29:35 2024] Client handshake completed
[Tue Dec  3 19:34:02 2024] Config server carregada.
[Tue Dec  3 19:34:02 2024] Servidor começou
[Tue Dec  3 19:34:02 2024] Boards carregados para memoria com sucesso
[Tue Dec  3 19:34:02 2024] A começar setup do socket de connecção
[Tue Dec  3 19:34:02 2024] Socket criado com sucesso. socket_fd: 3
[Tue Dec  3 19:34:02 2024] Socket deu bind com sucesso
[Tue Dec  3 19:34:02 2024] Server começou a ouvir conecções ao servidor
[Tue Dec  3 19:34:04 2024] Receiving new connection
[Tue Dec  3 19:34:04 2024] New Casual room created and first client connected
[Tue Dec  3 19:34:04 2024] Client has connected to room: room_0, with ID 1 and socket: 4
[Tue Dec  3 19:34:04 2024] Client handshake completed
[Tue Dec  3 19:34:34 2024] Config server carregada.
[Tue Dec  3 19:34:34 2024] Servidor começou
[Tue Dec  3 19:34:34 2024] Boards carregados para memoria com sucesso
[Tue Dec  3 19:34:34 2024] A começar setup do socket de connecção
[Tue Dec  3 19:34:34 2024] Socket criado com sucesso. socket_fd: 3
[Tue Dec  3 19:34:34 2024] Socket deu bind com sucesso
[Tue Dec  3 19:34:34 2024] Server começou a ouvir conecções ao servidor
[Tue Dec  3 19:34:37 2024] Receiving new connection
[Tue Dec  3 19:34:37 2024] New Casual room created and first client connected
[Tue Dec  3 19:34:37 2024] Client has connected to room: room_0, with ID 1 and socket: 4
[Tue Dec  3 19:34:37 2024] Client handshake completed
[Tue Dec  3 19:35:01 2024] Config server carregada.
[Tue Dec  3 19:35:01 2024] Servidor começou
[Tue Dec  3 19:35:01 2024] Boards carregados para memoria com sucesso
[Tue Dec  3 19:35:01 2024] A começar setup do socket de connecção
[Tue Dec  3 19:35:01 2024] Socket criado com sucesso. socket_fd: 3
[Tue Dec  3 19:35:01 2024] Socket deu bind com sucesso
[Tue Dec  3 19:35:01 2024] Server começou a ouvir conecções ao servidor
[Tue Dec  3 19:35:04 2024] Receiving new connection
[Tue Dec  3 19:35:04 2024] New Casual room created and first client connected
[Tue Dec  3 19:35:04 2024] Client has connected to room: room_0, with ID 1 and socket: 4
[Tue Dec  3 19:35:04 2024] Client handshake completed
[Tue Dec  3 19:37:38 2024] Config server carregada.
[Tue Dec  3 19:37:38 2024] Servidor começou
[Tue Dec  3 19:37:38 2024] Boards carregados para memoria com sucesso
[Tue Dec  3 19:37:38 2024] A começar setup do socket de connecção
[Tue Dec  3 19:37:38 2024] Socket criado com sucesso. socket_fd: 3
[Tue Dec  3 19:37:38 2024] Socket deu bind com sucesso
[Tue Dec  3 19:37:38 2024] Server começou a ouvir conecções ao servidor
[Tue Dec  3 19:37:40 2024] Receiving new connection
[Tue Dec  3 19:37:40 2024] New Casual room created and first client connected
[Tue Dec  3 19:37:40 2024] Client has connected to room: room_0, with ID 1 and socket: 4
[Tue Dec  3 19:37:40 2024] Client handshake completed
[Tue Dec  3 19:37:57 2024] Config server carregada.
[Tue Dec  3 19:37:57 2024] Servidor começou
[Tue Dec  3 19:37:57 2024] Boards carregados para memoria com sucesso
[Tue Dec  3 19:37:57 2024] A começar setup do socket de connecção
[Tue Dec  3 19:37:57 2024] Socket criado com sucesso. socket_fd: 3
[Tue Dec  3 19:37:57 2024] Socket deu bind com sucesso
[Tue Dec  3 19:37:57 2024] Server começou a ouvir conecções ao servidor
[Tue Dec  3 19:38:01 2024] Receiving new connection
[Tue Dec  3 19:38:01 2024] New Casual room created and first client connected
[Tue Dec  3 19:38:01 2024] Client has connected to room: room_0, with ID 1 and socket: 4
[Tue Dec  3 19:38:01 2024] Client handshake completed
[Tue Dec  3 19:38:10 2024] Receiving new connection
[Tue Dec  3 19:38:10 2024] Client has been assigned room_0, id: 1, socket: 7
[Tue Dec  3 19:41:08 2024] Config server carregada.
[Tue Dec  3 19:41:08 2024] Servidor começou
[Tue Dec  3 19:41:08 2024] Boards carregados para memoria com sucesso
[Tue Dec  3 19:41:08 2024] A começar setup do socket de connecção
[Tue Dec  3 19:41:08 2024] Socket criado com sucesso. socket_fd: 3
[Tue Dec  3 19:41:08 2024] Socket deu bind com sucesso
[Tue Dec  3 19:41:08 2024] Server começou a ouvir conecções ao servidor
[Tue Dec  3 19:41:12 2024] Receiving new connection
[Tue Dec  3 19:41:12 2024] New Casual room created and first client connected
[Tue Dec  3 19:41:12 2024] Client has connected to room: room_0, with ID 1 and socket: 4
[Tue Dec  3 19:41:12 2024] Client handshake completed
[Tue Dec  3 19:41:14 2024] Receiving new connection
[Tue Dec  3 19:41:14 2024] Client has been assigned room_0, id: 1, socket: 5
[Tue Dec  3 20:08:25 2024] Config server carregada.
[Tue Dec  3 20:08:25 2024] Servidor começou
[Tue Dec  3 20:08:25 2024] Boards carregados para memoria com sucesso
[Tue Dec  3 20:08:25 2024] A começar setup do socket de connecção
[Tue Dec  3 20:08:25 2024] Socket criado com sucesso. socket_fd: 3
[Tue Dec  3 20:08:25 2024] Socket deu bind com sucesso
[Tue Dec  3 20:08:25 2024] Server começou a ouvir conecções ao servidor
[Tue Dec  3 20:08:27 2024] Receiving new connection
[Tue Dec  3 20:08:27 2024] New Casual room created and first client connected
[Tue Dec  3 20:08:27 2024] Client has connected to room: room_0, with ID 1 and socket: 4
[Tue Dec  3 20:08:27 2024] Client handshake completed
[Tue Dec  3 20:12:30 2024] Config server carregada.
[Tue Dec  3 20:12:30 2024] Servidor começou
[Tue Dec  3 20:12:30 2024] Boards carregados para memoria com sucesso
[Tue Dec  3 20:12:30 2024] A começar setup do socket de connecção
[Tue Dec  3 20:12:30 2024] Socket criado com sucesso. socket_fd: 3
[Tue Dec  3 20:12:30 2024] Socket deu bind com sucesso
[Tue Dec  3 20:12:30 2024] Server começou a ouvir conecções ao servidor
[Tue Dec  3 20:12:32 2024] Receiving new connection
[Tue Dec  3 20:12:32 2024] New Casual room created and first client connected
[Tue Dec  3 20:12:32 2024] Client has connected to room: room_0, with ID 1 and socket: 4
[Tue Dec  3 20:12:32 2024] Client handshake completed
[Tue Dec  3 20:13:27 2024] Server shutting down gracefully
[Tue Dec  3 20:13:27 2024] Server shutting down gracefully
[Tue Dec  3 20:13:27 2024] Server Gracefully Shutdown
[Tue Dec  3 20:13:27 2024] Server Gracefully Shutdown
[Tue Dec  3 20:18:02 2024] Config server carregada.
[Tue Dec  3 20:18:02 2024] Servidor começou
[Tue Dec  3 20:18:02 2024] Boards carregados para memoria com sucesso
[Tue Dec  3 20:18:02 2024] A começar setup do socket de connecção
[Tue Dec  3 20:18:02 2024] Socket criado com sucesso. socket_fd: 3
[Tue Dec  3 20:18:02 2024] Socket deu bind com sucesso
[Tue Dec  3 20:18:02 2024] Server começou a ouvir conecções ao servidor
[Tue Dec  3 20:18:05 2024] Receiving new connection
[Tue Dec  3 20:20:33 2024] New Singleplayer room created and first client connected
[Tue Dec  3 20:20:33 2024] Client has connected to room: room_0, with ID 1 and socket: 4
[Tue Dec  3 20:20:33 2024] Client handshake completed
[Tue Dec  3 20:20:34 2024] Server shutting down gracefully
[Tue Dec  3 20:20:34 2024] Server Gracefully Shutdown
[Tue Dec  3 20:20:38 2024] Config server carregada.
[Tue Dec  3 20:20:38 2024] Servidor começou
[Tue Dec  3 20:20:38 2024] Boards carregados para memoria com sucesso
[Tue Dec  3 20:20:38 2024] A começar setup do socket de connecção
[Tue Dec  3 20:20:38 2024] Socket criado com sucesso. socket_fd: 3
[Tue Dec  3 20:20:38 2024] Socket deu bind com sucesso
[Tue Dec  3 20:20:38 2024] Server começou a ouvir conecções ao servidor
[Tue Dec  3 20:20:41 2024] Receiving new connection
[Tue Dec  3 20:20:55 2024] Server shutting down gracefully
[Tue Dec  3 20:20:55 2024] Server Gracefully Shutdown
[Tue Dec  3 20:20:58 2024] Config server carregada.
[Tue Dec  3 20:20:58 2024] Servidor começou
[Tue Dec  3 20:20:58 2024] Boards carregados para memoria com sucesso
[Tue Dec  3 20:20:58 2024] A começar setup do socket de connecção
[Tue Dec  3 20:20:58 2024] Socket criado com sucesso. socket_fd: 3
[Tue Dec  3 20:20:58 2024] Socket deu bind com sucesso
[Tue Dec  3 20:20:58 2024] Server começou a ouvir conecções ao servidor
[Tue Dec  3 20:21:01 2024] Receiving new connection
[Tue Dec  3 20:21:35 2024] Config server carregada.
[Tue Dec  3 20:21:35 2024] Servidor começou
[Tue Dec  3 20:21:35 2024] Boards carregados para memoria com sucesso
[Tue Dec  3 20:21:35 2024] A começar setup do socket de connecção
[Tue Dec  3 20:21:35 2024] Socket criado com sucesso. socket_fd: 3
[Tue Dec  3 20:21:35 2024] Socket deu bind com sucesso
[Tue Dec  3 20:21:35 2024] Server começou a ouvir conecções ao servidor
[Tue Dec  3 20:21:37 2024] Receiving new connection
[Tue Dec  3 20:21:37 2024] New Casual room created and first client connected
[Tue Dec  3 20:21:37 2024] Client has connected to room: room_0, with ID 1 and socket: 4
[Tue Dec  3 20:21:37 2024] Client handshake completed
[Tue Dec  3 20:39:49 2024] Server shutting down gracefully
[Tue Dec  3 20:39:49 2024] Server Gracefully Shutdown
[Tue Dec  3 20:58:46 2024] Config server carregada.
[Tue Dec  3 20:58:46 2024] Servidor começou
[Tue Dec  3 20:58:46 2024] Boards carregados para memoria com sucesso
[Tue Dec  3 20:58:46 2024] A começar setup do socket de connecção
[Tue Dec  3 20:58:46 2024] Socket criado com sucesso. socket_fd: 3
[Tue Dec  3 20:58:46 2024] Socket deu bind com sucesso
[Tue Dec  3 20:58:46 2024] Server começou a ouvir conecções ao servidor
[Tue Dec  3 20:58:49 2024] Receiving new connection
[Tue Dec  3 20:58:49 2024] New Casual room created and first client connected
[Tue Dec  3 20:58:49 2024] Client has connected to room: room_0, with ID 1 and socket: 4
[Tue Dec  3 20:58:49 2024] Client handshake completed
[Tue Dec  3 20:58:51 2024] Receiving new connection
[Tue Dec  3 20:58:51 2024] Client has been assigned room_0, id: 1, socket: 6
[Tue Dec  3 21:00:59 2024] Server shutting down gracefully
[Tue Dec  3 21:00:59 2024] Server shutting down gracefully
[Tue Dec  3 21:00:59 2024] Server Gracefully Shutdown
[Tue Dec  3 21:00:59 2024] Server Gracefully Shutdown
[Tue Dec  3 21:01:08 2024] Config server carregada.
[Tue Dec  3 21:01:08 2024] Servidor começou
[Tue Dec  3 21:01:08 2024] Boards carregados para memoria com sucesso
[Tue Dec  3 21:01:08 2024] A começar setup do socket de connecção
[Tue Dec  3 21:01:08 2024] Socket criado com sucesso. socket_fd: 3
[Tue Dec  3 21:01:08 2024] Socket deu bind com sucesso
[Tue Dec  3 21:01:08 2024] Server começou a ouvir conecções ao servidor
[Tue Dec  3 21:01:11 2024] Receiving new connection
[Tue Dec  3 21:01:11 2024] New Casual room created and first client connected
[Tue Dec  3 21:01:11 2024] Client has connected to room: room_0, with ID 1 and socket: 4
[Tue Dec  3 21:01:11 2024] Client handshake completed
[Tue Dec  3 21:01:20 2024] Receiving new connection
[Tue Dec  3 21:01:20 2024] Client has been assigned room_0, id: 1, socket: 6
[Tue Dec  3 21:05:06 2024] Server shutting down gracefully
[Tue Dec  3 21:05:06 2024] Server shutting down gracefully
[Tue Dec  3 21:05:06 2024] Server Gracefully Shutdown
[Tue Dec  3 21:05:06 2024] Server Gracefully Shutdown
[Tue Dec  3 21:05:08 2024] Config server carregada.
[Tue Dec  3 21:05:08 2024] Servidor começou
[Tue Dec  3 21:05:08 2024] Boards carregados para memoria com sucesso
[Tue Dec  3 21:05:08 2024] A começar setup do socket de connecção
[Tue Dec  3 21:05:08 2024] Socket criado com sucesso. socket_fd: 3
[Tue Dec  3 21:05:08 2024] Socket deu bind com sucesso
[Tue Dec  3 21:05:08 2024] Server começou a ouvir conecções ao servidor
[Tue Dec  3 21:05:10 2024] Receiving new connection
[Tue Dec  3 21:05:10 2024] New Casual room created and first client connected
[Tue Dec  3 21:05:10 2024] Client has connected to room: room_0, with ID 1 and socket: 4
[Tue Dec  3 21:05:10 2024] Client handshake completed
[Tue Dec  3 21:05:12 2024] Receiving new connection
[Tue Dec  3 21:05:12 2024] Client has been assigned room_0, id: 1, socket: 5
[Tue Dec  3 21:07:38 2024] Server shutting down gracefully
[Tue Dec  3 21:07:38 2024] Server shutting down gracefully
[Tue Dec  3 21:07:38 2024] Server Gracefully Shutdown
[Tue Dec  3 21:07:38 2024] Server Gracefully Shutdown
[Tue Dec  3 21:07:40 2024] Config server carregada.
[Tue Dec  3 21:07:40 2024] Servidor começou
[Tue Dec  3 21:07:40 2024] Boards carregados para memoria com sucesso
[Tue Dec  3 21:07:40 2024] A começar setup do socket de connecção
[Tue Dec  3 21:07:40 2024] Socket criado com sucesso. socket_fd: 3
[Tue Dec  3 21:07:40 2024] Socket deu bind com sucesso
[Tue Dec  3 21:07:40 2024] Server começou a ouvir conecções ao servidor
[Tue Dec  3 21:07:42 2024] Receiving new connection
[Tue Dec  3 21:07:42 2024] New Casual room created and first client connected
[Tue Dec  3 21:07:42 2024] Client has connected to room: room_0, with ID 1 and socket: 4
[Tue Dec  3 21:07:42 2024] Client handshake completed
[Tue Dec  3 21:07:44 2024] Receiving new connection
[Tue Dec  3 21:07:44 2024] Client has been assigned room_0, id: 1, socket: 6
[Tue Dec  3 21:08:35 2024] Server shutting down gracefully
[Tue Dec  3 21:08:35 2024] Server shutting down gracefully
[Tue Dec  3 21:08:35 2024] Server Gracefully Shutdown
[Tue Dec  3 21:08:35 2024] Server Gracefully Shutdown
[Tue Dec  3 21:08:39 2024] Config server carregada.
[Tue Dec  3 21:08:39 2024] Servidor começou
[Tue Dec  3 21:08:39 2024] Boards carregados para memoria com sucesso
[Tue Dec  3 21:08:39 2024] A começar setup do socket de connecção
[Tue Dec  3 21:08:39 2024] Socket criado com sucesso. socket_fd: 3
[Tue Dec  3 21:08:39 2024] Socket deu bind com sucesso
[Tue Dec  3 21:08:39 2024] Server começou a ouvir conecções ao servidor
[Tue Dec  3 21:08:41 2024] Receiving new connection
[Tue Dec  3 21:08:41 2024] New Casual room created and first client connected
[Tue Dec  3 21:08:41 2024] Client has connected to room: room_0, with ID 1 and socket: 4
[Tue Dec  3 21:08:41 2024] Client handshake completed
[Tue Dec  3 21:08:44 2024] Receiving new connection
[Tue Dec  3 21:08:44 2024] Client has been assigned room_0, id: 1, socket: 7
[Tue Dec  3 21:28:14 2024] Config server carregada.
[Tue Dec  3 21:28:14 2024] Servidor começou
[Tue Dec  3 21:28:14 2024] Boards carregados para memoria com sucesso
[Tue Dec  3 21:28:14 2024] A começar setup do socket de connecção
[Tue Dec  3 21:28:14 2024] Socket criado com sucesso. socket_fd: 3
[Tue Dec  3 21:28:14 2024] Socket deu bind com sucesso
[Tue Dec  3 21:28:14 2024] Server começou a ouvir conecções ao servidor
[Tue Dec  3 21:28:16 2024] Receiving new connection
[Tue Dec  3 21:28:16 2024] New Singleplayer room created and first client connected
[Tue Dec  3 21:28:16 2024] Client has connected to room: room_0, with ID 1 and socket: 4
[Tue Dec  3 21:28:16 2024] Client handshake completed
[Tue Dec  3 21:29:17 2024] Config server carregada.
[Tue Dec  3 21:29:17 2024] Servidor começou
[Tue Dec  3 21:29:17 2024] Boards carregados para memoria com sucesso
[Tue Dec  3 21:29:17 2024] A começar setup do socket de connecção
[Tue Dec  3 21:29:17 2024] Socket criado com sucesso. socket_fd: 3
[Tue Dec  3 21:29:17 2024] Socket deu bind com sucesso
[Tue Dec  3 21:29:17 2024] Server começou a ouvir conecções ao servidor
[Tue Dec  3 21:29:20 2024] Receiving new connection
[Tue Dec  3 21:29:20 2024] New Singleplayer room created and first client connected
[Tue Dec  3 21:29:20 2024] Client has connected to room: room_0, with ID 1 and socket: 4
[Tue Dec  3 21:29:20 2024] Client handshake completed
[Tue Dec  3 21:31:33 2024] Config server carregada.
[Tue Dec  3 21:31:33 2024] Servidor começou
[Tue Dec  3 21:31:33 2024] Boards carregados para memoria com sucesso
[Tue Dec  3 21:31:33 2024] A começar setup do socket de connecção
[Tue Dec  3 21:31:33 2024] Socket criado com sucesso. socket_fd: 3
[Tue Dec  3 21:31:33 2024] Socket deu bind com sucesso
[Tue Dec  3 21:31:33 2024] Server começou a ouvir conecções ao servidor
[Tue Dec  3 21:31:36 2024] Receiving new connection
[Tue Dec  3 21:31:36 2024] New Singleplayer room created and first client connected
[Tue Dec  3 21:31:36 2024] Client has connected to room: room_0, with ID 1 and socket: 4
[Tue Dec  3 21:31:36 2024] Client handshake completed
[Tue Dec  3 21:34:41 2024] Config server carregada.
[Tue Dec  3 21:34:41 2024] Servidor começou
[Tue Dec  3 21:34:41 2024] Boards carregados para memoria com sucesso
[Tue Dec  3 21:34:41 2024] A começar setup do socket de connecção
[Tue Dec  3 21:34:41 2024] Socket criado com sucesso. socket_fd: 3
[Tue Dec  3 21:34:41 2024] Socket deu bind com sucesso
[Tue Dec  3 21:34:41 2024] Server começou a ouvir conecções ao servidor
[Tue Dec  3 21:34:44 2024] Receiving new connection
[Tue Dec  3 21:34:44 2024] New Singleplayer room created and first client connected
[Tue Dec  3 21:34:44 2024] Client has connected to room: room_0, with ID 1 and socket: 4
[Tue Dec  3 21:34:44 2024] Client handshake completed
[Tue Dec  3 21:39:04 2024] Config server carregada.
[Tue Dec  3 21:39:04 2024] Servidor começou
[Tue Dec  3 21:39:04 2024] Boards carregados para memoria com sucesso
[Tue Dec  3 21:39:04 2024] A começar setup do socket de connecção
[Tue Dec  3 21:39:04 2024] Socket criado com sucesso. socket_fd: 3
[Tue Dec  3 21:39:04 2024] Socket deu bind com sucesso
[Tue Dec  3 21:39:04 2024] Server começou a ouvir conecções ao servidor
[Tue Dec  3 21:39:06 2024] Receiving new connection
[Tue Dec  3 21:39:06 2024] New Singleplayer room created and first client connected
[Tue Dec  3 21:39:06 2024] Client has connected to room: room_0, with ID 1 and socket: 4
[Tue Dec  3 21:39:06 2024] Client handshake completed
[Tue Dec  3 21:39:27 2024] Server shutting down gracefully
[Tue Dec  3 21:39:27 2024] Server Gracefully Shutdown
[Tue Dec  3 21:39:35 2024] Config server carregada.
[Tue Dec  3 21:39:35 2024] Servidor começou
[Tue Dec  3 21:39:35 2024] Boards carregados para memoria com sucesso
[Tue Dec  3 21:39:35 2024] A começar setup do socket de connecção
[Tue Dec  3 21:39:35 2024] Socket criado com sucesso. socket_fd: 3
[Tue Dec  3 21:39:35 2024] Socket deu bind com sucesso
[Tue Dec  3 21:39:35 2024] Server começou a ouvir conecções ao servidor
[Tue Dec  3 21:39:37 2024] Receiving new connection
[Tue Dec  3 21:39:37 2024] New Singleplayer room created and first client connected
[Tue Dec  3 21:39:37 2024] Client has connected to room: room_0, with ID 1 and socket: 4
[Tue Dec  3 21:39:37 2024] Client handshake completed
[Tue Dec  3 21:41:17 2024] Config server carregada.
[Tue Dec  3 21:41:17 2024] Servidor começou
[Tue Dec  3 21:41:17 2024] Boards carregados para memoria com sucesso
[Tue Dec  3 21:41:17 2024] A começar setup do socket de connecção
[Tue Dec  3 21:41:17 2024] Socket criado com sucesso. socket_fd: 3
[Tue Dec  3 21:41:17 2024] Socket deu bind com sucesso
[Tue Dec  3 21:41:17 2024] Server começou a ouvir conecções ao servidor
[Tue Dec  3 21:41:20 2024] Receiving new connection
[Tue Dec  3 21:41:20 2024] New Singleplayer room created and first client connected
[Tue Dec  3 21:41:20 2024] Client has connected to room: room_0, with ID 1 and socket: 4
[Tue Dec  3 21:41:20 2024] Client handshake completed
[Tue Dec  3 21:44:29 2024] Config server carregada.
[Tue Dec  3 21:44:29 2024] Servidor começou
[Tue Dec  3 21:44:29 2024] Boards carregados para memoria com sucesso
[Tue Dec  3 21:44:29 2024] A começar setup do socket de connecção
[Tue Dec  3 21:44:29 2024] Socket criado com sucesso. socket_fd: 3
[Tue Dec  3 21:44:29 2024] Socket deu bind com sucesso
[Tue Dec  3 21:44:29 2024] Server começou a ouvir conecções ao servidor
[Tue Dec  3 21:44:31 2024] Receiving new connection
[Tue Dec  3 21:44:31 2024] New Singleplayer room created and first client connected
[Tue Dec  3 21:44:31 2024] Client has connected to room: room_0, with ID 1 and socket: 4
[Tue Dec  3 21:44:31 2024] Client handshake completed
[Tue Dec  3 21:44:50 2024] Server shutting down gracefully
[Tue Dec  3 21:44:50 2024] Server shutting down gracefully
[Tue Dec  3 21:44:50 2024] Server Gracefully Shutdown
[Tue Dec  3 21:44:50 2024] Server Gracefully Shutdown
[Tue Dec  3 21:44:54 2024] Config server carregada.
[Tue Dec  3 21:44:54 2024] Servidor começou
[Tue Dec  3 21:44:54 2024] Boards carregados para memoria com sucesso
[Tue Dec  3 21:44:54 2024] A começar setup do socket de connecção
[Tue Dec  3 21:44:54 2024] Socket criado com sucesso. socket_fd: 3
[Tue Dec  3 21:44:54 2024] Socket deu bind com sucesso
[Tue Dec  3 21:44:54 2024] Server começou a ouvir conecções ao servidor
[Tue Dec  3 21:44:56 2024] Receiving new connection
[Tue Dec  3 21:44:56 2024] New Singleplayer room created and first client connected
[Tue Dec  3 21:44:56 2024] Client has connected to room: room_0, with ID 1 and socket: 4
[Tue Dec  3 21:44:56 2024] Client handshake completed
[Tue Dec  3 21:45:03 2024] Server shutting down gracefully
[Tue Dec  3 21:45:03 2024] Server Gracefully Shutdown
[Tue Dec  3 21:45:13 2024] Config server carregada.
[Tue Dec  3 21:45:13 2024] Servidor começou
[Tue Dec  3 21:45:13 2024] Boards carregados para memoria com sucesso
[Tue Dec  3 21:45:13 2024] A começar setup do socket de connecção
[Tue Dec  3 21:45:13 2024] Socket criado com sucesso. socket_fd: 3
[Tue Dec  3 21:45:13 2024] Socket deu bind com sucesso
[Tue Dec  3 21:45:13 2024] Server começou a ouvir conecções ao servidor
[Tue Dec  3 21:45:16 2024] Receiving new connection
[Tue Dec  3 21:45:16 2024] New Singleplayer room created and first client connected
[Tue Dec  3 21:45:16 2024] Client has connected to room: room_0, with ID 1 and socket: 4
[Tue Dec  3 21:45:16 2024] Client handshake completed
[Tue Dec  3 21:46:08 2024] Config server carregada.
[Tue Dec  3 21:46:08 2024] Servidor começou
[Tue Dec  3 21:46:08 2024] Boards carregados para memoria com sucesso
[Tue Dec  3 21:46:08 2024] A começar setup do socket de connecção
[Tue Dec  3 21:46:08 2024] Socket criado com sucesso. socket_fd: 3
[Tue Dec  3 21:46:08 2024] Socket deu bind com sucesso
[Tue Dec  3 21:46:08 2024] Server começou a ouvir conecções ao servidor
[Tue Dec  3 21:46:09 2024] Config server carregada.
[Tue Dec  3 21:46:09 2024] Servidor começou
[Tue Dec  3 21:46:09 2024] Boards carregados para memoria com sucesso
[Tue Dec  3 21:46:09 2024] A começar setup do socket de connecção
[Tue Dec  3 21:46:09 2024] Socket criado com sucesso. socket_fd: 3
[Tue Dec  3 21:46:09 2024] Socket deu bind com sucesso
[Tue Dec  3 21:46:09 2024] Server começou a ouvir conecções ao servidor
[Tue Dec  3 21:46:11 2024] Receiving new connection
[Tue Dec  3 21:46:11 2024] New Singleplayer room created and first client connected
[Tue Dec  3 21:46:11 2024] Client has connected to room: room_0, with ID 1 and socket: 4
[Tue Dec  3 21:46:11 2024] Client handshake completed
[Tue Dec  3 21:47:09 2024] Config server carregada.
[Tue Dec  3 21:47:09 2024] Servidor começou
[Tue Dec  3 21:47:09 2024] Boards carregados para memoria com sucesso
[Tue Dec  3 21:47:09 2024] A começar setup do socket de connecção
[Tue Dec  3 21:47:09 2024] Socket criado com sucesso. socket_fd: 3
[Tue Dec  3 21:47:09 2024] Socket deu bind com sucesso
[Tue Dec  3 21:47:09 2024] Server começou a ouvir conecções ao servidor
[Tue Dec  3 21:47:11 2024] Receiving new connection
[Tue Dec  3 21:47:11 2024] New Singleplayer room created and first client connected
[Tue Dec  3 21:47:11 2024] Client has connected to room: room_0, with ID 1 and socket: 4
[Tue Dec  3 21:47:11 2024] Client handshake completed
[Tue Dec  3 21:47:37 2024] Config server carregada.
[Tue Dec  3 21:47:37 2024] Servidor começou
[Tue Dec  3 21:47:37 2024] Boards carregados para memoria com sucesso
[Tue Dec  3 21:47:37 2024] A começar setup do socket de connecção
[Tue Dec  3 21:47:37 2024] Socket criado com sucesso. socket_fd: 3
[Tue Dec  3 21:47:37 2024] Socket deu bind com sucesso
[Tue Dec  3 21:47:37 2024] Server começou a ouvir conecções ao servidor
[Tue Dec  3 21:47:41 2024] Receiving new connection
[Tue Dec  3 21:47:41 2024] New Singleplayer room created and first client connected
[Tue Dec  3 21:47:41 2024] Client has connected to room: room_0, with ID 1 and socket: 4
[Tue Dec  3 21:47:41 2024] Client handshake completed
[Tue Dec  3 21:48:29 2024] Config server carregada.
[Tue Dec  3 21:48:29 2024] Servidor começou
[Tue Dec  3 21:48:29 2024] Boards carregados para memoria com sucesso
[Tue Dec  3 21:48:29 2024] A começar setup do socket de connecção
[Tue Dec  3 21:48:29 2024] Socket criado com sucesso. socket_fd: 3
[Tue Dec  3 21:48:29 2024] Socket deu bind com sucesso
[Tue Dec  3 21:48:29 2024] Server começou a ouvir conecções ao servidor
[Tue Dec  3 21:48:31 2024] Receiving new connection
[Tue Dec  3 21:48:31 2024] New Singleplayer room created and first client connected
[Tue Dec  3 21:48:31 2024] Client has connected to room: room_0, with ID 1 and socket: 4
[Tue Dec  3 21:48:31 2024] Client handshake completed
[Tue Dec  3 21:54:24 2024] Config server carregada.
[Tue Dec  3 21:54:24 2024] Servidor começou
[Tue Dec  3 21:54:24 2024] Boards carregados para memoria com sucesso
[Tue Dec  3 21:54:24 2024] A começar setup do socket de connecção
[Tue Dec  3 21:54:24 2024] Socket criado com sucesso. socket_fd: 3
[Tue Dec  3 21:54:24 2024] Socket deu bind com sucesso
[Tue Dec  3 21:54:24 2024] Server começou a ouvir conecções ao servidor
[Tue Dec  3 21:54:28 2024] Receiving new connection
[Tue Dec  3 21:54:28 2024] New Casual room created and first client connected
[Tue Dec  3 21:54:28 2024] Client has connected to room: room_0, with ID 1 and socket: 4
[Tue Dec  3 21:54:28 2024] Client handshake completed
[Tue Dec  3 21:54:43 2024] Receiving new connection
[Tue Dec  3 21:54:43 2024] Client has been assigned room_0, id: 1, socket: 5
[Tue Dec  3 21:55:33 2024] Config server carregada.
[Tue Dec  3 21:55:33 2024] Servidor começou
[Tue Dec  3 21:55:33 2024] Boards carregados para memoria com sucesso
[Tue Dec  3 21:55:33 2024] A começar setup do socket de connecção
[Tue Dec  3 21:55:33 2024] Socket criado com sucesso. socket_fd: 3
[Tue Dec  3 21:55:33 2024] Socket deu bind com sucesso
[Tue Dec  3 21:55:33 2024] Server começou a ouvir conecções ao servidor
[Tue Dec  3 21:55:35 2024] Receiving new connection
[Tue Dec  3 21:55:35 2024] New Casual room created and first client connected
[Tue Dec  3 21:55:35 2024] Client has connected to room: room_0, with ID 1 and socket: 4
[Tue Dec  3 21:55:35 2024] Client handshake completed
[Tue Dec  3 21:55:39 2024] Receiving new connection
[Tue Dec  3 21:55:39 2024] Client has been assigned room_0, id: 1, socket: 5
[Tue Dec  3 21:56:23 2024] Config server carregada.
[Tue Dec  3 21:56:23 2024] Servidor começou
[Tue Dec  3 21:56:23 2024] Boards carregados para memoria com sucesso
[Tue Dec  3 21:56:23 2024] A começar setup do socket de connecção
[Tue Dec  3 21:56:23 2024] Socket criado com sucesso. socket_fd: 3
[Tue Dec  3 21:56:23 2024] Socket deu bind com sucesso
[Tue Dec  3 21:56:23 2024] Server começou a ouvir conecções ao servidor
[Tue Dec  3 21:56:24 2024] Receiving new connection
[Tue Dec  3 21:56:24 2024] New Casual room created and first client connected
[Tue Dec  3 21:56:24 2024] Client has connected to room: room_0, with ID 1 and socket: 4
[Tue Dec  3 21:56:24 2024] Client handshake completed
[Tue Dec  3 21:56:26 2024] Receiving new connection
[Tue Dec  3 21:56:26 2024] Client has been assigned room_0, id: 1, socket: 6
[Tue Dec  3 21:57:23 2024] Config server carregada.
[Tue Dec  3 21:57:23 2024] Servidor começou
[Tue Dec  3 21:57:23 2024] Boards carregados para memoria com sucesso
[Tue Dec  3 21:57:23 2024] A começar setup do socket de connecção
[Tue Dec  3 21:57:23 2024] Socket criado com sucesso. socket_fd: 3
[Tue Dec  3 21:57:23 2024] Socket deu bind com sucesso
[Tue Dec  3 21:57:23 2024] Server começou a ouvir conecções ao servidor
[Tue Dec  3 21:57:24 2024] Receiving new connection
[Tue Dec  3 21:57:24 2024] New Casual room created and first client connected
[Tue Dec  3 21:57:24 2024] Client has connected to room: room_0, with ID 1 and socket: 4
[Tue Dec  3 21:57:24 2024] Client handshake completed
[Tue Dec  3 21:57:25 2024] Receiving new connection
[Tue Dec  3 21:57:25 2024] Client has been assigned room_0, id: 1, socket: 7
[Tue Dec  3 21:57:39 2024] Receiving new connection
[Tue Dec  3 21:57:39 2024] New Casual room created and first client connected
[Tue Dec  3 21:57:39 2024] Client has connected to room: room_1, with ID 1 and socket: 5
[Tue Dec  3 21:57:39 2024] Client handshake completed
[Tue Dec  3 21:57:45 2024] Config server carregada.
[Tue Dec  3 21:57:45 2024] Servidor começou
[Tue Dec  3 21:57:45 2024] Boards carregados para memoria com sucesso
[Tue Dec  3 21:57:45 2024] A começar setup do socket de connecção
[Tue Dec  3 21:57:45 2024] Socket criado com sucesso. socket_fd: 3
[Tue Dec  3 21:57:45 2024] Socket deu bind com sucesso
[Tue Dec  3 21:57:45 2024] Server começou a ouvir conecções ao servidor
[Tue Dec  3 21:57:47 2024] Receiving new connection
[Tue Dec  3 21:57:47 2024] New Casual room created and first client connected
[Tue Dec  3 21:57:47 2024] Client has connected to room: room_0, with ID 1 and socket: 4
[Tue Dec  3 21:57:47 2024] Client handshake completed
[Tue Dec  3 21:57:54 2024] Receiving new connection
[Tue Dec  3 21:57:54 2024] Client has been assigned room_0, id: 1, socket: 7
[Tue Dec  3 21:58:18 2024] Config server carregada.
[Tue Dec  3 21:58:18 2024] Servidor começou
[Tue Dec  3 21:58:18 2024] Boards carregados para memoria com sucesso
[Tue Dec  3 21:58:18 2024] A começar setup do socket de connecção
[Tue Dec  3 21:58:18 2024] Socket criado com sucesso. socket_fd: 3
[Tue Dec  3 21:58:18 2024] Socket deu bind com sucesso
[Tue Dec  3 21:58:18 2024] Server começou a ouvir conecções ao servidor
[Tue Dec  3 21:58:19 2024] Receiving new connection
[Tue Dec  3 21:58:19 2024] New Casual room created and first client connected
[Tue Dec  3 21:58:19 2024] Client has connected to room: room_0, with ID 1 and socket: 4
[Tue Dec  3 21:58:19 2024] Client handshake completed
[Tue Dec  3 21:58:21 2024] Receiving new connection
[Tue Dec  3 21:58:21 2024] Client has been assigned room_0, id: 1, socket: 7
[Tue Dec  3 22:00:01 2024] Config server carregada.
[Tue Dec  3 22:00:01 2024] Servidor começou
[Tue Dec  3 22:00:01 2024] Boards carregados para memoria com sucesso
[Tue Dec  3 22:00:01 2024] A começar setup do socket de connecção
[Tue Dec  3 22:00:01 2024] Socket criado com sucesso. socket_fd: 3
[Tue Dec  3 22:00:01 2024] Socket deu bind com sucesso
[Tue Dec  3 22:00:01 2024] Server começou a ouvir conecções ao servidor
[Tue Dec  3 22:00:03 2024] Receiving new connection
[Tue Dec  3 22:00:03 2024] New Casual room created and first client connected
[Tue Dec  3 22:00:03 2024] Client has connected to room: room_0, with ID 1 and socket: 4
[Tue Dec  3 22:00:03 2024] Client handshake completed
[Tue Dec  3 22:00:04 2024] Config server carregada.
[Tue Dec  3 22:00:04 2024] Servidor começou
[Tue Dec  3 22:00:04 2024] Boards carregados para memoria com sucesso
[Tue Dec  3 22:00:04 2024] A começar setup do socket de connecção
[Tue Dec  3 22:00:04 2024] Socket criado com sucesso. socket_fd: 3
[Tue Dec  3 22:00:04 2024] Socket deu bind com sucesso
[Tue Dec  3 22:00:04 2024] Server começou a ouvir conecções ao servidor
[Tue Dec  3 22:00:13 2024] Receiving new connection
[Tue Dec  3 22:00:13 2024] New Casual room created and first client connected
[Tue Dec  3 22:00:13 2024] Client has connected to room: room_0, with ID 1 and socket: 4
[Tue Dec  3 22:00:13 2024] Client handshake completed
[Tue Dec  3 22:00:48 2024] Config server carregada.
[Tue Dec  3 22:00:48 2024] Servidor começou
[Tue Dec  3 22:00:48 2024] Boards carregados para memoria com sucesso
[Tue Dec  3 22:00:48 2024] A começar setup do socket de connecção
[Tue Dec  3 22:00:48 2024] Socket criado com sucesso. socket_fd: 3
[Tue Dec  3 22:00:48 2024] Socket deu bind com sucesso
[Tue Dec  3 22:00:48 2024] Server começou a ouvir conecções ao servidor
[Tue Dec  3 22:00:52 2024] Config server carregada.
[Tue Dec  3 22:00:52 2024] Servidor começou
[Tue Dec  3 22:00:52 2024] Boards carregados para memoria com sucesso
[Tue Dec  3 22:00:52 2024] A começar setup do socket de connecção
[Tue Dec  3 22:00:52 2024] Socket criado com sucesso. socket_fd: 3
[Tue Dec  3 22:00:52 2024] Socket deu bind com sucesso
[Tue Dec  3 22:00:52 2024] Server começou a ouvir conecções ao servidor
[Tue Dec  3 22:00:55 2024] Receiving new connection
[Tue Dec  3 22:00:55 2024] New Casual room created and first client connected
[Tue Dec  3 22:00:55 2024] Client has connected to room: room_0, with ID 1 and socket: 4
[Tue Dec  3 22:00:55 2024] Client handshake completed
[Tue Dec  3 22:01:06 2024] Receiving new connection
[Tue Dec  3 22:01:06 2024] Client has been assigned room_0, id: 1, socket: 5
[Tue Dec  3 22:06:23 2024] Config server carregada.
[Tue Dec  3 22:06:23 2024] Servidor começou
[Tue Dec  3 22:06:23 2024] Boards carregados para memoria com sucesso
[Tue Dec  3 22:06:23 2024] A começar setup do socket de connecção
[Tue Dec  3 22:06:23 2024] Socket criado com sucesso. socket_fd: 3
[Tue Dec  3 22:06:23 2024] Socket deu bind com sucesso
[Tue Dec  3 22:06:23 2024] Server começou a ouvir conecções ao servidor
[Tue Dec  3 22:06:24 2024] Receiving new connection
[Tue Dec  3 22:06:24 2024] New Casual room created and first client connected
[Tue Dec  3 22:06:24 2024] Client has connected to room: room_0, with ID 1 and socket: 4
[Tue Dec  3 22:06:24 2024] Client handshake completed
[Tue Dec  3 22:06:26 2024] Receiving new connection
[Tue Dec  3 22:06:26 2024] Client has been assigned room_0, id: 1, socket: 7
[Tue Dec  3 22:08:04 2024] Config server carregada.
[Tue Dec  3 22:08:04 2024] Servidor começou
[Tue Dec  3 22:08:04 2024] Boards carregados para memoria com sucesso
[Tue Dec  3 22:08:04 2024] A começar setup do socket de connecção
[Tue Dec  3 22:08:04 2024] Socket criado com sucesso. socket_fd: 3
[Tue Dec  3 22:08:04 2024] Socket deu bind com sucesso
[Tue Dec  3 22:08:04 2024] Server começou a ouvir conecções ao servidor
[Tue Dec  3 22:08:05 2024] Receiving new connection
[Tue Dec  3 22:08:05 2024] New Casual room created and first client connected
[Tue Dec  3 22:08:05 2024] Client has connected to room: room_0, with ID 1 and socket: 4
[Tue Dec  3 22:08:05 2024] Client handshake completed
[Tue Dec  3 22:08:06 2024] Receiving new connection
[Tue Dec  3 22:08:06 2024] Client has been assigned room_0, id: 1, socket: 5
[Tue Dec  3 22:08:20 2024] Config server carregada.
[Tue Dec  3 22:08:20 2024] Servidor começou
[Tue Dec  3 22:08:20 2024] Boards carregados para memoria com sucesso
[Tue Dec  3 22:08:20 2024] A começar setup do socket de connecção
[Tue Dec  3 22:08:20 2024] Socket criado com sucesso. socket_fd: 3
[Tue Dec  3 22:08:20 2024] Socket deu bind com sucesso
[Tue Dec  3 22:08:20 2024] Server começou a ouvir conecções ao servidor
[Tue Dec  3 22:15:29 2024] Config server carregada.
[Tue Dec  3 22:15:29 2024] Servidor começou
[Tue Dec  3 22:15:29 2024] Boards carregados para memoria com sucesso
[Tue Dec  3 22:15:29 2024] A começar setup do socket de connecção
[Tue Dec  3 22:15:29 2024] Socket criado com sucesso. socket_fd: 3
[Tue Dec  3 22:15:29 2024] Socket deu bind com sucesso
[Tue Dec  3 22:15:29 2024] Server começou a ouvir conecções ao servidor
[Tue Dec  3 22:15:31 2024] Receiving new connection
[Tue Dec  3 22:15:31 2024] New Ranked room created and first client connected
[Tue Dec  3 22:15:31 2024] Client has connected to room: room_0, with ID 1 and socket: 4
[Tue Dec  3 22:15:31 2024] Client handshake completed
[Tue Dec  3 22:15:34 2024] Receiving new connection
[Tue Dec  3 22:15:34 2024] Client has been assigned room_0, id: 1, socket: 5
[Tue Dec  3 22:17:15 2024] Config server carregada.
[Tue Dec  3 22:17:15 2024] Servidor começou
[Tue Dec  3 22:17:15 2024] Boards carregados para memoria com sucesso
[Tue Dec  3 22:17:15 2024] A começar setup do socket de connecção
[Tue Dec  3 22:17:15 2024] Socket criado com sucesso. socket_fd: 3
[Tue Dec  3 22:17:15 2024] Socket deu bind com sucesso
[Tue Dec  3 22:17:15 2024] Server começou a ouvir conecções ao servidor
[Tue Dec  3 22:17:18 2024] Receiving new connection
[Tue Dec  3 22:17:18 2024] New Ranked room created and first client connected
[Tue Dec  3 22:17:18 2024] Client has connected to room: room_0, with ID 1 and socket: 4
[Tue Dec  3 22:17:18 2024] Client handshake completed
[Tue Dec  3 22:17:20 2024] Receiving new connection
[Tue Dec  3 22:17:20 2024] Client has been assigned room_0, id: 1, socket: 6
[Tue Dec  3 22:17:39 2024] Config server carregada.
[Tue Dec  3 22:17:39 2024] Servidor começou
[Tue Dec  3 22:17:39 2024] Boards carregados para memoria com sucesso
[Tue Dec  3 22:17:39 2024] A começar setup do socket de connecção
[Tue Dec  3 22:17:39 2024] Socket criado com sucesso. socket_fd: 3
[Tue Dec  3 22:17:39 2024] Socket deu bind com sucesso
[Tue Dec  3 22:17:39 2024] Server começou a ouvir conecções ao servidor
[Tue Dec  3 22:17:41 2024] Receiving new connection
[Tue Dec  3 22:17:41 2024] New Ranked room created and first client connected
[Tue Dec  3 22:17:41 2024] Client has connected to room: room_0, with ID 1 and socket: 4
[Tue Dec  3 22:17:41 2024] Client handshake completed
[Tue Dec  3 22:17:43 2024] Receiving new connection
[Tue Dec  3 22:17:43 2024] Client has been assigned room_0, id: 1, socket: 5
[Tue Dec  3 22:31:10 2024] Config server carregada.
[Tue Dec  3 22:31:10 2024] Servidor começou
[Tue Dec  3 22:31:10 2024] Boards carregados para memoria com sucesso
[Tue Dec  3 22:31:10 2024] A começar setup do socket de connecção
[Tue Dec  3 22:31:10 2024] Socket criado com sucesso. socket_fd: 3
[Tue Dec  3 22:31:10 2024] Socket deu bind com sucesso
[Tue Dec  3 22:31:10 2024] Server começou a ouvir conecções ao servidor
[Tue Dec  3 22:31:13 2024] Receiving new connection
[Tue Dec  3 22:31:13 2024] Client has connected to room: room_0, with ID 1 and socket: 4
[Tue Dec  3 22:31:13 2024] Client handshake completed
[Tue Dec  3 22:31:14 2024] Receiving new connection
[Tue Dec  3 22:31:14 2024] Client has been assigned room_0, id: 1, socket: 5
[Tue Dec  3 22:31:26 2024] Server shutting down gracefully
[Tue Dec  3 22:31:26 2024] Server Gracefully Shutdown
[Tue Dec  3 22:31:31 2024] Config server carregada.
[Tue Dec  3 22:31:31 2024] Servidor começou
[Tue Dec  3 22:31:31 2024] Boards carregados para memoria com sucesso
[Tue Dec  3 22:31:31 2024] A começar setup do socket de connecção
[Tue Dec  3 22:31:31 2024] Socket criado com sucesso. socket_fd: 3
[Tue Dec  3 22:31:31 2024] Socket deu bind com sucesso
[Tue Dec  3 22:31:31 2024] Server começou a ouvir conecções ao servidor
[Tue Dec  3 22:31:34 2024] Receiving new connection
[Tue Dec  3 22:31:34 2024] New Ranked room created and first client connected
[Tue Dec  3 22:31:34 2024] Client has connected to room: room_0, with ID 1 and socket: 4
[Tue Dec  3 22:31:34 2024] Client handshake completed
[Tue Dec  3 22:31:38 2024] Receiving new connection
[Tue Dec  3 22:31:38 2024] Client has been assigned room_0, id: 1, socket: 6
[Tue Dec  3 22:32:32 2024] Server shutting down gracefully
[Tue Dec  3 22:32:32 2024] Server shutting down gracefully
[Tue Dec  3 22:32:32 2024] Server Gracefully Shutdown
[Tue Dec  3 22:32:32 2024] Server Gracefully Shutdown
[Tue Dec  3 22:33:02 2024] Config server carregada.
[Tue Dec  3 22:33:02 2024] Servidor começou
[Tue Dec  3 22:33:02 2024] Boards carregados para memoria com sucesso
[Tue Dec  3 22:33:02 2024] A começar setup do socket de connecção
[Tue Dec  3 22:33:02 2024] Socket criado com sucesso. socket_fd: 3
[Tue Dec  3 22:33:02 2024] Socket deu bind com sucesso
[Tue Dec  3 22:33:02 2024] Server começou a ouvir conecções ao servidor
[Tue Dec  3 22:33:05 2024] Receiving new connection
[Tue Dec  3 22:33:05 2024] New Ranked room created and first client connected
[Tue Dec  3 22:33:05 2024] Client has connected to room: room_0, with ID 1 and socket: 4
[Tue Dec  3 22:33:05 2024] Client handshake completed
[Tue Dec  3 22:33:08 2024] Receiving new connection
[Tue Dec  3 22:33:08 2024] Client has been assigned room_0, id: 1, socket: 6
[Tue Dec  3 22:33:27 2024] Server shutting down gracefully
[Tue Dec  3 22:33:27 2024] Server shutting down gracefully
[Tue Dec  3 22:33:27 2024] Server Gracefully Shutdown
[Tue Dec  3 22:33:27 2024] Server Gracefully Shutdown
[Tue Dec  3 22:33:28 2024] Config server carregada.
[Tue Dec  3 22:33:28 2024] Servidor começou
[Tue Dec  3 22:33:28 2024] Boards carregados para memoria com sucesso
[Tue Dec  3 22:33:28 2024] A começar setup do socket de connecção
[Tue Dec  3 22:33:28 2024] Socket criado com sucesso. socket_fd: 3
[Tue Dec  3 22:33:28 2024] Socket deu bind com sucesso
[Tue Dec  3 22:33:28 2024] Server começou a ouvir conecções ao servidor
[Tue Dec  3 22:33:30 2024] Receiving new connection
[Tue Dec  3 22:33:30 2024] New Ranked room created and first client connected
[Tue Dec  3 22:33:30 2024] Client has connected to room: room_0, with ID 1 and socket: 4
[Tue Dec  3 22:33:30 2024] Client handshake completed
[Tue Dec  3 22:33:32 2024] Receiving new connection
[Tue Dec  3 22:33:32 2024] Client has been assigned room_0, id: 1, socket: 5
[Tue Dec  3 22:34:07 2024] Server shutting down gracefully
[Tue Dec  3 22:34:07 2024] Server shutting down gracefully
[Tue Dec  3 22:34:07 2024] Server Gracefully Shutdown
[Tue Dec  3 22:34:07 2024] Server Gracefully Shutdown
[Tue Dec  3 22:34:09 2024] Config server carregada.
[Tue Dec  3 22:34:09 2024] Servidor começou
[Tue Dec  3 22:34:09 2024] Boards carregados para memoria com sucesso
[Tue Dec  3 22:34:09 2024] A começar setup do socket de connecção
[Tue Dec  3 22:34:09 2024] Socket criado com sucesso. socket_fd: 3
[Tue Dec  3 22:34:09 2024] Socket deu bind com sucesso
[Tue Dec  3 22:34:09 2024] Server começou a ouvir conecções ao servidor
[Tue Dec  3 22:34:11 2024] Receiving new connection
[Tue Dec  3 22:34:11 2024] New Ranked room created and first client connected
[Tue Dec  3 22:34:11 2024] Client has connected to room: room_0, with ID 1 and socket: 4
[Tue Dec  3 22:34:11 2024] Client handshake completed
[Tue Dec  3 22:34:14 2024] Receiving new connection
[Tue Dec  3 22:34:14 2024] Client has been assigned room_0, id: 1, socket: 7
[Tue Dec  3 22:35:22 2024] Config server carregada.
[Tue Dec  3 22:35:22 2024] Servidor começou
[Tue Dec  3 22:35:22 2024] Boards carregados para memoria com sucesso
[Tue Dec  3 22:35:22 2024] A começar setup do socket de connecção
[Tue Dec  3 22:35:22 2024] Socket criado com sucesso. socket_fd: 3
[Tue Dec  3 22:35:22 2024] Socket deu bind com sucesso
[Tue Dec  3 22:35:22 2024] Server começou a ouvir conecções ao servidor
[Tue Dec  3 22:35:26 2024] Receiving new connection
[Tue Dec  3 22:35:26 2024] New Ranked room created and first client connected
[Tue Dec  3 22:35:26 2024] Client has connected to room: room_0, with ID 1 and socket: 4
[Tue Dec  3 22:35:26 2024] Client handshake completed
[Tue Dec  3 22:35:29 2024] Receiving new connection
[Tue Dec  3 22:35:29 2024] Client has been assigned room_0, id: 1, socket: 5
[Tue Dec  3 22:35:51 2024] Config server carregada.
[Tue Dec  3 22:35:51 2024] Servidor começou
[Tue Dec  3 22:35:51 2024] Boards carregados para memoria com sucesso
[Tue Dec  3 22:35:51 2024] A começar setup do socket de connecção
[Tue Dec  3 22:35:51 2024] Socket criado com sucesso. socket_fd: 3
[Tue Dec  3 22:35:51 2024] Socket deu bind com sucesso
[Tue Dec  3 22:35:51 2024] Server começou a ouvir conecções ao servidor
[Tue Dec  3 22:35:56 2024] Config server carregada.
[Tue Dec  3 22:35:56 2024] Servidor começou
[Tue Dec  3 22:35:56 2024] Boards carregados para memoria com sucesso
[Tue Dec  3 22:35:56 2024] A começar setup do socket de connecção
[Tue Dec  3 22:35:56 2024] Socket criado com sucesso. socket_fd: 3
[Tue Dec  3 22:35:56 2024] Socket deu bind com sucesso
[Tue Dec  3 22:35:56 2024] Server começou a ouvir conecções ao servidor
[Tue Dec  3 22:35:59 2024] Receiving new connection
[Tue Dec  3 22:35:59 2024] New Ranked room created and first client connected
[Tue Dec  3 22:35:59 2024] Client has connected to room: room_0, with ID 1 and socket: 4
[Tue Dec  3 22:35:59 2024] Client handshake completed
[Tue Dec  3 22:36:00 2024] Receiving new connection
[Tue Dec  3 22:36:00 2024] Client has been assigned room_0, id: 1, socket: 6
[Tue Dec  3 22:36:39 2024] Config server carregada.
[Tue Dec  3 22:36:39 2024] Servidor começou
[Tue Dec  3 22:36:39 2024] Boards carregados para memoria com sucesso
[Tue Dec  3 22:36:39 2024] A começar setup do socket de connecção
[Tue Dec  3 22:36:39 2024] Socket criado com sucesso. socket_fd: 3
[Tue Dec  3 22:36:39 2024] Socket deu bind com sucesso
[Tue Dec  3 22:36:39 2024] Server começou a ouvir conecções ao servidor
[Tue Dec  3 22:36:40 2024] Receiving new connection
[Tue Dec  3 22:36:40 2024] New Ranked room created and first client connected
[Tue Dec  3 22:36:40 2024] Client has connected to room: room_0, with ID 1 and socket: 4
[Tue Dec  3 22:36:40 2024] Client handshake completed
[Tue Dec  3 22:36:42 2024] Receiving new connection
[Tue Dec  3 22:36:42 2024] Client has been assigned room_0, id: 1, socket: 7
[Tue Dec  3 22:41:53 2024] Config server carregada.
[Tue Dec  3 22:41:53 2024] Servidor começou
[Tue Dec  3 22:41:53 2024] Boards carregados para memoria com sucesso
[Tue Dec  3 22:41:53 2024] A começar setup do socket de connecção
[Tue Dec  3 22:41:53 2024] Socket criado com sucesso. socket_fd: 3
[Tue Dec  3 22:41:53 2024] Socket deu bind com sucesso
[Tue Dec  3 22:41:53 2024] Server começou a ouvir conecções ao servidor
[Tue Dec  3 22:41:54 2024] Receiving new connection
[Tue Dec  3 22:41:54 2024] New Ranked room created and first client connected
[Tue Dec  3 22:41:54 2024] Client has connected to room: room_0, with ID 1 and socket: 4
[Tue Dec  3 22:41:54 2024] Client handshake completed
[Tue Dec  3 22:41:55 2024] Receiving new connection
[Tue Dec  3 22:41:55 2024] Client has been assigned room_0, id: 1, socket: 7
[Tue Dec  3 22:42:10 2024] Config server carregada.
[Tue Dec  3 22:42:10 2024] Servidor começou
[Tue Dec  3 22:42:10 2024] Boards carregados para memoria com sucesso
[Tue Dec  3 22:42:10 2024] A começar setup do socket de connecção
[Tue Dec  3 22:42:10 2024] Socket criado com sucesso. socket_fd: 3
[Tue Dec  3 22:42:10 2024] Socket deu bind com sucesso
[Tue Dec  3 22:42:10 2024] Server começou a ouvir conecções ao servidor
[Tue Dec  3 22:42:12 2024] Receiving new connection
[Tue Dec  3 22:42:12 2024] New Ranked room created and first client connected
[Tue Dec  3 22:42:12 2024] Client has connected to room: room_0, with ID 1 and socket: 4
[Tue Dec  3 22:42:12 2024] Client handshake completed
[Tue Dec  3 22:42:17 2024] Receiving new connection
[Tue Dec  3 22:42:17 2024] Client has been assigned room_0, id: 1, socket: 7
[Tue Dec  3 22:43:40 2024] Config server carregada.
[Tue Dec  3 22:43:40 2024] Servidor começou
[Tue Dec  3 22:43:40 2024] Boards carregados para memoria com sucesso
[Tue Dec  3 22:43:40 2024] A começar setup do socket de connecção
[Tue Dec  3 22:43:40 2024] Socket criado com sucesso. socket_fd: 3
[Tue Dec  3 22:43:40 2024] Socket deu bind com sucesso
[Tue Dec  3 22:43:40 2024] Server começou a ouvir conecções ao servidor
[Tue Dec  3 22:43:42 2024] Receiving new connection
[Tue Dec  3 22:43:42 2024] New Ranked room created and first client connected
[Tue Dec  3 22:43:42 2024] Client has connected to room: room_0, with ID 1 and socket: 4
[Tue Dec  3 22:43:42 2024] Client handshake completed
[Tue Dec  3 22:43:45 2024] Receiving new connection
[Tue Dec  3 22:43:45 2024] Client has been assigned room_0, id: 1, socket: 7
[Tue Dec  3 22:44:56 2024] Config server carregada.
[Tue Dec  3 22:44:56 2024] Servidor começou
[Tue Dec  3 22:44:56 2024] Boards carregados para memoria com sucesso
[Tue Dec  3 22:44:56 2024] A começar setup do socket de connecção
[Tue Dec  3 22:44:56 2024] Socket criado com sucesso. socket_fd: 3
[Tue Dec  3 22:44:56 2024] Socket deu bind com sucesso
[Tue Dec  3 22:44:56 2024] Server começou a ouvir conecções ao servidor
[Tue Dec  3 22:44:58 2024] Receiving new connection
[Tue Dec  3 22:44:58 2024] New Ranked room created and first client connected
[Tue Dec  3 22:44:58 2024] Client has connected to room: room_0, with ID 1 and socket: 4
[Tue Dec  3 22:44:58 2024] Client handshake completed
[Tue Dec  3 22:44:59 2024] Receiving new connection
[Tue Dec  3 22:44:59 2024] Client has been assigned room_0, id: 1, socket: 7
[Tue Dec  3 22:45:11 2024] Receiving new connection
[Tue Dec  3 22:45:11 2024] New Ranked room created and first client connected
[Tue Dec  3 22:45:11 2024] Client has connected to room: room_1, with ID 1 and socket: 5
[Tue Dec  3 22:45:11 2024] Client handshake completed
[Tue Dec  3 22:45:17 2024] Config server carregada.
[Tue Dec  3 22:45:17 2024] Servidor começou
[Tue Dec  3 22:45:17 2024] Boards carregados para memoria com sucesso
[Tue Dec  3 22:45:17 2024] A começar setup do socket de connecção
[Tue Dec  3 22:45:17 2024] Socket criado com sucesso. socket_fd: 3
[Tue Dec  3 22:45:17 2024] Socket deu bind com sucesso
[Tue Dec  3 22:45:17 2024] Server começou a ouvir conecções ao servidor
[Tue Dec  3 22:45:21 2024] Receiving new connection
[Tue Dec  3 22:45:21 2024] New Ranked room created and first client connected
[Tue Dec  3 22:45:21 2024] Client has connected to room: room_0, with ID 1 and socket: 4
[Tue Dec  3 22:45:21 2024] Client handshake completed
[Tue Dec  3 22:45:22 2024] Receiving new connection
[Tue Dec  3 22:45:22 2024] Client has been assigned room_0, id: 1, socket: 5
[Tue Dec  3 22:45:59 2024] Config server carregada.
[Tue Dec  3 22:45:59 2024] Servidor começou
[Tue Dec  3 22:45:59 2024] Boards carregados para memoria com sucesso
[Tue Dec  3 22:45:59 2024] A começar setup do socket de connecção
[Tue Dec  3 22:45:59 2024] Socket criado com sucesso. socket_fd: 3
[Tue Dec  3 22:45:59 2024] Socket deu bind com sucesso
[Tue Dec  3 22:45:59 2024] Server começou a ouvir conecções ao servidor
[Tue Dec  3 22:46:01 2024] Receiving new connection
[Tue Dec  3 22:46:01 2024] New Ranked room created and first client connected
[Tue Dec  3 22:46:01 2024] Client has connected to room: room_0, with ID 1 and socket: 4
[Tue Dec  3 22:46:01 2024] Client handshake completed
[Tue Dec  3 22:46:03 2024] Receiving new connection
[Tue Dec  3 22:46:03 2024] Client has been assigned room_0, id: 1, socket: 5
[Tue Dec  3 22:47:03 2024] Config server carregada.
[Tue Dec  3 22:47:03 2024] Servidor começou
[Tue Dec  3 22:47:03 2024] Boards carregados para memoria com sucesso
[Tue Dec  3 22:47:03 2024] A começar setup do socket de connecção
[Tue Dec  3 22:47:03 2024] Socket criado com sucesso. socket_fd: 3
[Tue Dec  3 22:47:03 2024] Socket deu bind com sucesso
[Tue Dec  3 22:47:03 2024] Server começou a ouvir conecções ao servidor
[Tue Dec  3 22:47:05 2024] Receiving new connection
[Tue Dec  3 22:47:05 2024] New Ranked room created and first client connected
[Tue Dec  3 22:47:05 2024] Client has connected to room: room_0, with ID 1 and socket: 4
[Tue Dec  3 22:47:05 2024] Client handshake completed
[Tue Dec  3 22:47:07 2024] Receiving new connection
[Tue Dec  3 22:47:07 2024] Client has been assigned room_0, id: 1, socket: 6
[Tue Dec  3 22:48:57 2024] Config server carregada.
[Tue Dec  3 22:48:57 2024] Servidor começou
[Tue Dec  3 22:48:57 2024] Boards carregados para memoria com sucesso
[Tue Dec  3 22:48:57 2024] A começar setup do socket de connecção
[Tue Dec  3 22:48:57 2024] Socket criado com sucesso. socket_fd: 3
[Tue Dec  3 22:48:57 2024] Socket deu bind com sucesso
[Tue Dec  3 22:48:57 2024] Server começou a ouvir conecções ao servidor
[Tue Dec  3 22:48:58 2024] Receiving new connection
[Tue Dec  3 22:48:58 2024] New Ranked room created and first client connected
[Tue Dec  3 22:48:58 2024] Client has connected to room: room_0, with ID 1 and socket: 4
[Tue Dec  3 22:48:58 2024] Client handshake completed
[Tue Dec  3 22:48:59 2024] Receiving new connection
[Tue Dec  3 22:48:59 2024] Client has been assigned room_0, id: 1, socket: 5
[Tue Dec  3 22:49:51 2024] Config server carregada.
[Tue Dec  3 22:49:51 2024] Servidor começou
[Tue Dec  3 22:49:51 2024] Boards carregados para memoria com sucesso
[Tue Dec  3 22:49:51 2024] A começar setup do socket de connecção
[Tue Dec  3 22:49:51 2024] Socket criado com sucesso. socket_fd: 3
[Tue Dec  3 22:49:51 2024] Socket deu bind com sucesso
[Tue Dec  3 22:49:51 2024] Server começou a ouvir conecções ao servidor
[Tue Dec  3 22:49:52 2024] Receiving new connection
[Tue Dec  3 22:49:52 2024] New Ranked room created and first client connected
[Tue Dec  3 22:49:52 2024] Client has connected to room: room_0, with ID 1 and socket: 4
[Tue Dec  3 22:49:52 2024] Client handshake completed
[Tue Dec  3 22:49:53 2024] Receiving new connection
[Tue Dec  3 22:49:53 2024] Client has been assigned room_0, id: 1, socket: 7
[Tue Dec  3 22:50:30 2024] Config server carregada.
[Tue Dec  3 22:50:30 2024] Servidor começou
[Tue Dec  3 22:50:30 2024] Boards carregados para memoria com sucesso
[Tue Dec  3 22:50:30 2024] A começar setup do socket de connecção
[Tue Dec  3 22:50:30 2024] Socket criado com sucesso. socket_fd: 3
[Tue Dec  3 22:50:30 2024] Socket deu bind com sucesso
[Tue Dec  3 22:50:30 2024] Server começou a ouvir conecções ao servidor
[Tue Dec  3 22:50:33 2024] Receiving new connection
[Tue Dec  3 22:50:33 2024] New Ranked room created and first client connected
[Tue Dec  3 22:50:33 2024] Client has connected to room: room_0, with ID 1 and socket: 4
[Tue Dec  3 22:50:33 2024] Client handshake completed
[Tue Dec  3 22:50:34 2024] Receiving new connection
[Tue Dec  3 22:50:34 2024] Client has been assigned room_0, id: 1, socket: 7
[Tue Dec  3 22:51:09 2024] Config server carregada.
[Tue Dec  3 22:51:09 2024] Servidor começou
[Tue Dec  3 22:51:09 2024] Boards carregados para memoria com sucesso
[Tue Dec  3 22:51:09 2024] A começar setup do socket de connecção
[Tue Dec  3 22:51:09 2024] Socket criado com sucesso. socket_fd: 3
[Tue Dec  3 22:51:09 2024] Socket deu bind com sucesso
[Tue Dec  3 22:51:09 2024] Server começou a ouvir conecções ao servidor
[Tue Dec  3 22:51:11 2024] Receiving new connection
[Tue Dec  3 22:51:11 2024] New Ranked room created and first client connected
[Tue Dec  3 22:51:11 2024] Client has connected to room: room_0, with ID 1 and socket: 4
[Tue Dec  3 22:51:11 2024] Client handshake completed
[Tue Dec  3 22:51:12 2024] Receiving new connection
[Tue Dec  3 22:51:12 2024] Client has been assigned room_0, id: 1, socket: 7
[Tue Dec  3 22:51:27 2024] Config server carregada.
[Tue Dec  3 22:51:27 2024] Servidor começou
[Tue Dec  3 22:51:27 2024] Boards carregados para memoria com sucesso
[Tue Dec  3 22:51:27 2024] A começar setup do socket de connecção
[Tue Dec  3 22:51:27 2024] Socket criado com sucesso. socket_fd: 3
[Tue Dec  3 22:51:27 2024] Socket deu bind com sucesso
[Tue Dec  3 22:51:27 2024] Server começou a ouvir conecções ao servidor
[Tue Dec  3 22:51:28 2024] Receiving new connection
[Tue Dec  3 22:51:28 2024] New Ranked room created and first client connected
[Tue Dec  3 22:51:28 2024] Client has connected to room: room_0, with ID 1 and socket: 4
[Tue Dec  3 22:51:28 2024] Client handshake completed
[Tue Dec  3 22:51:29 2024] Receiving new connection
[Tue Dec  3 22:51:29 2024] Client has been assigned room_0, id: 1, socket: 7
[Thu Dec  5 20:32:54 2024] Server shutting down gracefully
[Thu Dec  5 20:32:54 2024] Server shutting down gracefully
[Thu Dec  5 20:32:54 2024] Server shutting down gracefully
[Thu Dec  5 20:32:54 2024] Server shutting down gracefully
[Thu Dec  5 20:32:54 2024] Server shutting down gracefully
[Thu Dec  5 20:32:54 2024] Server Gracefully Shutdown
[Thu Dec  5 20:32:54 2024] Server Gracefully Shutdown
[Thu Dec  5 20:32:54 2024] Server Gracefully Shutdown
[Thu Dec  5 20:32:54 2024] Server Gracefully Shutdown
[Thu Dec  5 20:32:54 2024] Server Gracefully Shutdown
[Thu Dec  5 20:32:56 2024] Config server carregada.
[Thu Dec  5 20:32:56 2024] Servidor começou
[Thu Dec  5 20:32:56 2024] Boards carregados para memoria com sucesso
[Thu Dec  5 20:32:56 2024] A começar setup do socket de connecção
[Thu Dec  5 20:32:56 2024] Socket criado com sucesso. socket_fd: 3
[Thu Dec  5 20:32:56 2024] Socket deu bind com sucesso
[Thu Dec  5 20:32:56 2024] Server começou a ouvir conecções ao servidor
[Thu Dec  5 20:32:59 2024] Receiving new connection
[Thu Dec  5 20:32:59 2024] New Coop room created and first client connected
[Thu Dec  5 20:32:59 2024] Client has connected to room: room_0, with ID 1 and socket: 4
[Thu Dec  5 20:32:59 2024] Client handshake completed
[Thu Dec  5 20:33:02 2024] Receiving new connection
[Thu Dec  5 20:33:02 2024] Client has been assigned room_0, id: 1, socket: 5
[Thu Dec  5 20:33:04 2024] Receiving new connection
[Thu Dec  5 20:33:04 2024] Client has been assigned room_0, id: 2, socket: 7
[Thu Dec  5 20:33:13 2024] Server shutting down gracefully
[Thu Dec  5 20:33:13 2024] Server Gracefully Shutdown
[Thu Dec  5 20:40:17 2024] Config server carregada.
[Thu Dec  5 20:40:17 2024] Servidor começou
[Thu Dec  5 20:40:17 2024] Boards carregados para memoria com sucesso
[Thu Dec  5 20:40:17 2024] A começar setup do socket de connecção
[Thu Dec  5 20:40:17 2024] Socket criado com sucesso. socket_fd: 3
[Thu Dec  5 20:40:17 2024] Socket deu bind com sucesso
[Thu Dec  5 20:40:17 2024] Server começou a ouvir conecções ao servidor
[Thu Dec  5 20:40:18 2024] Receiving new connection
[Thu Dec  5 20:40:18 2024] New Coop room created and first client connected
[Thu Dec  5 20:40:18 2024] Client has connected to room: room_0, with ID 1 and socket: 4
[Thu Dec  5 20:40:18 2024] Client handshake completed
[Thu Dec  5 20:40:20 2024] Receiving new connection
[Thu Dec  5 20:40:20 2024] Client has been assigned room_0, id: 1, socket: 7
[Thu Dec  5 20:40:22 2024] Receiving new connection
[Thu Dec  5 20:40:22 2024] Client has been assigned room_0, id: 2, socket: 6
[Thu Dec  5 20:40:28 2024] Server shutting down gracefully
[Thu Dec  5 20:40:28 2024] Server Gracefully Shutdown
[Thu Dec  5 20:40:29 2024] Config server carregada.
[Thu Dec  5 20:40:29 2024] Servidor começou
[Thu Dec  5 20:40:29 2024] Boards carregados para memoria com sucesso
[Thu Dec  5 20:40:29 2024] A começar setup do socket de connecção
[Thu Dec  5 20:40:29 2024] Socket criado com sucesso. socket_fd: 3
[Thu Dec  5 20:40:29 2024] Socket deu bind com sucesso
[Thu Dec  5 20:40:29 2024] Server começou a ouvir conecções ao servidor
[Thu Dec  5 20:40:30 2024] Receiving new connection
[Thu Dec  5 20:40:30 2024] New Coop room created and first client connected
[Thu Dec  5 20:40:30 2024] Client has connected to room: room_0, with ID 1 and socket: 4
[Thu Dec  5 20:40:30 2024] Client handshake completed
[Thu Dec  5 20:40:32 2024] Receiving new connection
[Thu Dec  5 20:40:32 2024] Client has been assigned room_0, id: 1, socket: 6
[Thu Dec  5 20:40:33 2024] Receiving new connection
[Thu Dec  5 20:40:33 2024] Client has been assigned room_0, id: 2, socket: 7
[Thu Dec  5 20:40:38 2024] Receiving new connection
[Thu Dec  5 20:40:38 2024] New Coop room created and first client connected
[Thu Dec  5 20:40:38 2024] Client has connected to room: room_1, with ID 1 and socket: 8
[Thu Dec  5 20:40:38 2024] Client handshake completed
[Thu Dec  5 20:40:41 2024] Receiving new connection
[Thu Dec  5 20:40:41 2024] Client has been assigned room_1, id: 1, socket: 10
[Thu Dec  5 20:40:44 2024] Receiving new connection
[Thu Dec  5 20:40:44 2024] Client has been assigned room_1, id: 2, socket: 11
[Thu Dec  5 20:40:51 2024] Receiving new connection
[Thu Dec  5 20:40:51 2024] New Ranked room created and first client connected
[Thu Dec  5 20:40:51 2024] Client has connected to room: room_2, with ID 1 and socket: 12
[Thu Dec  5 20:40:51 2024] Client handshake completed
[Thu Dec  5 20:40:54 2024] Receiving new connection
[Thu Dec  5 20:40:54 2024] Client has been assigned room_2, id: 1, socket: 14
[Thu Dec  5 20:40:56 2024] Receiving new connection
[Thu Dec  5 20:40:56 2024] Client has been assigned room_2, id: 2, socket: 15
[Thu Dec  5 20:41:01 2024] Receiving new connection
[Thu Dec  5 20:41:01 2024] New Coop room created and first client connected
[Thu Dec  5 20:41:01 2024] Client has connected to room: room_3, with ID 1 and socket: 16
[Thu Dec  5 20:41:01 2024] Client handshake completed
[Thu Dec  5 20:41:03 2024] Receiving new connection
[Thu Dec  5 20:41:03 2024] Client has been assigned room_3, id: 1, socket: 19
[Thu Dec  5 20:41:04 2024] Receiving new connection
[Thu Dec  5 20:41:04 2024] Client has been assigned room_3, id: 2, socket: 18
[Thu Dec  5 20:41:08 2024] Server shutting down gracefully
[Thu Dec  5 20:41:08 2024] Server shutting down gracefully
[Thu Dec  5 20:41:08 2024] Server shutting down gracefully
[Thu Dec  5 20:41:08 2024] Server Gracefully Shutdown
[Thu Dec  5 20:41:08 2024] Server Gracefully Shutdown
[Thu Dec  5 20:41:08 2024] Server Gracefully Shutdown
[Thu Dec  5 20:54:29 2024] Config server carregada.
[Thu Dec  5 20:54:29 2024] Servidor começou
[Thu Dec  5 20:54:29 2024] Boards carregados para memoria com sucesso
[Thu Dec  5 20:54:29 2024] A começar setup do socket de connecção
[Thu Dec  5 20:54:29 2024] Socket criado com sucesso. socket_fd: 3
[Thu Dec  5 20:54:29 2024] Socket deu bind com sucesso
[Thu Dec  5 20:54:29 2024] Server começou a ouvir conecções ao servidor
[Thu Dec  5 20:54:32 2024] Receiving new connection
[Thu Dec  5 20:54:32 2024] New Coop room created and first client connected
[Thu Dec  5 20:54:32 2024] Client has connected to room: room_0, with ID 1 and socket: 4
[Thu Dec  5 20:54:32 2024] Client handshake completed
[Thu Dec  5 20:54:34 2024] Receiving new connection
[Thu Dec  5 20:54:34 2024] Client has been assigned room_0, id: 1, socket: 6
[Thu Dec  5 20:54:35 2024] Receiving new connection
[Thu Dec  5 20:54:35 2024] Client has been assigned room_0, id: 2, socket: 7
[Thu Dec  5 20:54:42 2024] Server shutting down gracefully
[Thu Dec  5 20:54:42 2024] Server Gracefully Shutdown
[Thu Dec  5 20:54:48 2024] Config server carregada.
[Thu Dec  5 20:54:48 2024] Servidor começou
[Thu Dec  5 20:54:48 2024] Boards carregados para memoria com sucesso
[Thu Dec  5 20:54:48 2024] A começar setup do socket de connecção
[Thu Dec  5 20:54:48 2024] Socket criado com sucesso. socket_fd: 3
[Thu Dec  5 20:54:48 2024] Socket deu bind com sucesso
[Thu Dec  5 20:54:48 2024] Server começou a ouvir conecções ao servidor
[Thu Dec  5 20:54:50 2024] Receiving new connection
[Thu Dec  5 20:54:50 2024] New Ranked room created and first client connected
[Thu Dec  5 20:54:50 2024] Client has connected to room: room_0, with ID 1 and socket: 4
[Thu Dec  5 20:54:50 2024] Client handshake completed
[Thu Dec  5 20:54:59 2024] Receiving new connection
[Thu Dec  5 20:54:59 2024] New Coop room created and first client connected
[Thu Dec  5 20:54:59 2024] Client has connected to room: room_1, with ID 1 and socket: 7
[Thu Dec  5 20:54:59 2024] Client handshake completed
[Thu Dec  5 20:55:01 2024] Receiving new connection
[Thu Dec  5 20:55:01 2024] Client has been assigned room_1, id: 1, socket: 9
[Thu Dec  5 20:55:02 2024] Receiving new connection
[Thu Dec  5 20:55:02 2024] Client has been assigned room_1, id: 2, socket: 6
[Thu Dec  5 20:55:16 2024] Config server carregada.
[Thu Dec  5 20:55:16 2024] Servidor começou
[Thu Dec  5 20:55:16 2024] Boards carregados para memoria com sucesso
[Thu Dec  5 20:55:16 2024] A começar setup do socket de connecção
[Thu Dec  5 20:55:16 2024] Socket criado com sucesso. socket_fd: 3
[Thu Dec  5 20:55:16 2024] Socket deu bind com sucesso
[Thu Dec  5 20:55:16 2024] Server começou a ouvir conecções ao servidor
[Thu Dec  5 20:55:18 2024] Receiving new connection
[Thu Dec  5 20:55:18 2024] New Coop room created and first client connected
[Thu Dec  5 20:55:18 2024] Client has connected to room: room_0, with ID 1 and socket: 4
[Thu Dec  5 20:55:18 2024] Client handshake completed
[Thu Dec  5 20:55:19 2024] Receiving new connection
[Thu Dec  5 20:55:19 2024] Client has been assigned room_0, id: 1, socket: 7
[Thu Dec  5 20:55:21 2024] Receiving new connection
[Thu Dec  5 20:55:21 2024] Client has been assigned room_0, id: 2, socket: 5
[Thu Dec  5 20:56:11 2024] Config server carregada.
[Thu Dec  5 20:56:11 2024] Servidor começou
[Thu Dec  5 20:56:11 2024] Boards carregados para memoria com sucesso
[Thu Dec  5 20:56:11 2024] A começar setup do socket de connecção
[Thu Dec  5 20:56:11 2024] Socket criado com sucesso. socket_fd: 3
[Thu Dec  5 20:56:11 2024] Socket deu bind com sucesso
[Thu Dec  5 20:56:11 2024] Server começou a ouvir conecções ao servidor
[Thu Dec  5 20:56:13 2024] Receiving new connection
[Thu Dec  5 20:56:13 2024] New Coop room created and first client connected
[Thu Dec  5 20:56:13 2024] Client has connected to room: room_0, with ID 1 and socket: 4
[Thu Dec  5 20:56:13 2024] Client handshake completed
[Thu Dec  5 20:56:17 2024] Receiving new connection
[Thu Dec  5 20:56:17 2024] Client has been assigned room_0, id: 1, socket: 7
[Thu Dec  5 20:56:18 2024] Receiving new connection
[Thu Dec  5 20:56:18 2024] Client has been assigned room_0, id: 2, socket: 5
[Thu Dec  5 20:57:17 2024] Config server carregada.
[Thu Dec  5 20:57:17 2024] Servidor começou
[Thu Dec  5 20:57:17 2024] Boards carregados para memoria com sucesso
[Thu Dec  5 20:57:17 2024] A começar setup do socket de connecção
[Thu Dec  5 20:57:17 2024] Socket criado com sucesso. socket_fd: 3
[Thu Dec  5 20:57:17 2024] Socket deu bind com sucesso
[Thu Dec  5 20:57:17 2024] Server começou a ouvir conecções ao servidor
[Thu Dec  5 20:57:18 2024] Config server carregada.
[Thu Dec  5 20:57:18 2024] Servidor começou
[Thu Dec  5 20:57:18 2024] Boards carregados para memoria com sucesso
[Thu Dec  5 20:57:18 2024] A começar setup do socket de connecção
[Thu Dec  5 20:57:18 2024] Socket criado com sucesso. socket_fd: 3
[Thu Dec  5 20:57:18 2024] Socket deu bind com sucesso
[Thu Dec  5 20:57:18 2024] Server começou a ouvir conecções ao servidor
[Thu Dec  5 20:57:20 2024] Receiving new connection
[Thu Dec  5 20:57:20 2024] New Coop room created and first client connected
[Thu Dec  5 20:57:20 2024] Client has connected to room: room_0, with ID 1 and socket: 4
[Thu Dec  5 20:57:20 2024] Client handshake completed
[Thu Dec  5 20:57:38 2024] Config server carregada.
[Thu Dec  5 20:57:38 2024] Servidor começou
[Thu Dec  5 20:57:38 2024] Boards carregados para memoria com sucesso
[Thu Dec  5 20:57:38 2024] A começar setup do socket de connecção
[Thu Dec  5 20:57:38 2024] Socket criado com sucesso. socket_fd: 3
[Thu Dec  5 20:57:38 2024] Socket deu bind com sucesso
[Thu Dec  5 20:57:38 2024] Server começou a ouvir conecções ao servidor
[Thu Dec  5 20:57:40 2024] Receiving new connection
[Thu Dec  5 20:57:40 2024] New Coop room created and first client connected
[Thu Dec  5 20:57:40 2024] Client has connected to room: room_0, with ID 1 and socket: 4
[Thu Dec  5 20:57:40 2024] Client handshake completed
[Thu Dec  5 20:58:09 2024] Config server carregada.
[Thu Dec  5 20:58:09 2024] Servidor começou
[Thu Dec  5 20:58:09 2024] Boards carregados para memoria com sucesso
[Thu Dec  5 20:58:09 2024] A começar setup do socket de connecção
[Thu Dec  5 20:58:09 2024] Socket criado com sucesso. socket_fd: 3
[Thu Dec  5 20:58:09 2024] Socket deu bind com sucesso
[Thu Dec  5 20:58:09 2024] Server começou a ouvir conecções ao servidor
[Thu Dec  5 20:58:10 2024] Config server carregada.
[Thu Dec  5 20:58:10 2024] Servidor começou
[Thu Dec  5 20:58:10 2024] Boards carregados para memoria com sucesso
[Thu Dec  5 20:58:10 2024] A começar setup do socket de connecção
[Thu Dec  5 20:58:10 2024] Socket criado com sucesso. socket_fd: 3
[Thu Dec  5 20:58:10 2024] Socket deu bind com sucesso
[Thu Dec  5 20:58:10 2024] Server começou a ouvir conecções ao servidor
[Thu Dec  5 20:58:12 2024] Receiving new connection
[Thu Dec  5 20:58:12 2024] New Coop room created and first client connected
[Thu Dec  5 20:58:12 2024] Client has connected to room: room_0, with ID 1 and socket: 4
[Thu Dec  5 20:58:12 2024] Client handshake completed
[Thu Dec  5 20:59:35 2024] Config server carregada.
[Thu Dec  5 20:59:35 2024] Servidor começou
[Thu Dec  5 20:59:35 2024] Boards carregados para memoria com sucesso
[Thu Dec  5 20:59:35 2024] A começar setup do socket de connecção
[Thu Dec  5 20:59:35 2024] Socket criado com sucesso. socket_fd: 3
[Thu Dec  5 20:59:35 2024] Socket deu bind com sucesso
[Thu Dec  5 20:59:35 2024] Server começou a ouvir conecções ao servidor
[Thu Dec  5 20:59:36 2024] Receiving new connection
[Thu Dec  5 20:59:36 2024] New Coop room created and first client connected
[Thu Dec  5 20:59:36 2024] Client has connected to room: room_0, with ID 1 and socket: 4
[Thu Dec  5 20:59:36 2024] Client handshake completed
[Thu Dec  5 20:59:41 2024] Config server carregada.
[Thu Dec  5 20:59:41 2024] Servidor começou
[Thu Dec  5 20:59:41 2024] Boards carregados para memoria com sucesso
[Thu Dec  5 20:59:41 2024] A começar setup do socket de connecção
[Thu Dec  5 20:59:41 2024] Socket criado com sucesso. socket_fd: 3
[Thu Dec  5 20:59:41 2024] Socket deu bind com sucesso
[Thu Dec  5 20:59:41 2024] Server começou a ouvir conecções ao servidor
[Thu Dec  5 20:59:44 2024] Receiving new connection
[Thu Dec  5 20:59:44 2024] New Coop room created and first client connected
[Thu Dec  5 20:59:44 2024] Client has connected to room: room_0, with ID 1 and socket: 4
[Thu Dec  5 20:59:44 2024] Client handshake completed
[Thu Dec  5 21:00:40 2024] Config server carregada.
[Thu Dec  5 21:00:40 2024] Servidor começou
[Thu Dec  5 21:00:40 2024] Boards carregados para memoria com sucesso
[Thu Dec  5 21:00:40 2024] A começar setup do socket de connecção
[Thu Dec  5 21:00:40 2024] Socket criado com sucesso. socket_fd: 3
[Thu Dec  5 21:00:40 2024] Socket deu bind com sucesso
[Thu Dec  5 21:00:40 2024] Server começou a ouvir conecções ao servidor
[Thu Dec  5 21:00:42 2024] Receiving new connection
[Thu Dec  5 21:00:42 2024] New Coop room created and first client connected
[Thu Dec  5 21:00:42 2024] Client has connected to room: room_0, with ID 1 and socket: 4
[Thu Dec  5 21:00:42 2024] Client handshake completed
[Thu Dec  5 21:01:21 2024] Config server carregada.
[Thu Dec  5 21:01:21 2024] Servidor começou
[Thu Dec  5 21:01:21 2024] Boards carregados para memoria com sucesso
[Thu Dec  5 21:01:21 2024] A começar setup do socket de connecção
[Thu Dec  5 21:01:21 2024] Socket criado com sucesso. socket_fd: 3
[Thu Dec  5 21:01:21 2024] Socket deu bind com sucesso
[Thu Dec  5 21:01:21 2024] Server começou a ouvir conecções ao servidor
[Thu Dec  5 21:01:28 2024] Receiving new connection
[Thu Dec  5 21:01:28 2024] New Coop room created and first client connected
[Thu Dec  5 21:01:28 2024] Client has connected to room: room_0, with ID 1 and socket: 4
[Thu Dec  5 21:02:27 2024] Config server carregada.
[Thu Dec  5 21:02:27 2024] Servidor começou
[Thu Dec  5 21:02:27 2024] Boards carregados para memoria com sucesso
[Thu Dec  5 21:02:27 2024] A começar setup do socket de connecção
[Thu Dec  5 21:02:27 2024] Socket criado com sucesso. socket_fd: 3
[Thu Dec  5 21:02:27 2024] Socket deu bind com sucesso
[Thu Dec  5 21:02:27 2024] Server começou a ouvir conecções ao servidor
[Thu Dec  5 21:02:29 2024] Receiving new connection
[Thu Dec  5 21:02:29 2024] New Coop room created and first client connected
[Thu Dec  5 21:02:29 2024] Client has connected to room: room_0, with ID 1 and socket: 4
[Thu Dec  5 21:03:12 2024] Config server carregada.
[Thu Dec  5 21:03:12 2024] Servidor começou
[Thu Dec  5 21:03:12 2024] Boards carregados para memoria com sucesso
[Thu Dec  5 21:03:12 2024] A começar setup do socket de connecção
[Thu Dec  5 21:03:12 2024] Socket criado com sucesso. socket_fd: 3
[Thu Dec  5 21:03:12 2024] Socket deu bind com sucesso
[Thu Dec  5 21:03:12 2024] Server começou a ouvir conecções ao servidor
[Thu Dec  5 21:03:15 2024] Receiving new connection
[Thu Dec  5 21:03:15 2024] New Coop room created and first client connected
[Thu Dec  5 21:03:15 2024] Client has connected to room: room_0, with ID 1 and socket: 4
[Thu Dec  5 21:04:33 2024] Config server carregada.
[Thu Dec  5 21:04:33 2024] Servidor começou
[Thu Dec  5 21:04:33 2024] Boards carregados para memoria com sucesso
[Thu Dec  5 21:04:33 2024] A começar setup do socket de connecção
[Thu Dec  5 21:04:33 2024] Socket criado com sucesso. socket_fd: 3
[Thu Dec  5 21:04:33 2024] Socket deu bind com sucesso
[Thu Dec  5 21:04:33 2024] Server começou a ouvir conecções ao servidor
[Thu Dec  5 21:04:35 2024] Receiving new connection
[Thu Dec  5 21:04:35 2024] New Coop room created and first client connected
[Thu Dec  5 21:04:35 2024] Client has connected to room: room_0, with ID 1 and socket: 4
[Thu Dec  5 21:05:43 2024] Config server carregada.
[Thu Dec  5 21:05:43 2024] Servidor começou
[Thu Dec  5 21:05:43 2024] Boards carregados para memoria com sucesso
[Thu Dec  5 21:05:43 2024] A começar setup do socket de connecção
[Thu Dec  5 21:05:43 2024] Socket criado com sucesso. socket_fd: 3
[Thu Dec  5 21:05:43 2024] Socket deu bind com sucesso
[Thu Dec  5 21:05:43 2024] Server começou a ouvir conecções ao servidor
[Thu Dec  5 21:05:47 2024] Config server carregada.
[Thu Dec  5 21:05:47 2024] Servidor começou
[Thu Dec  5 21:05:47 2024] Boards carregados para memoria com sucesso
[Thu Dec  5 21:05:47 2024] A começar setup do socket de connecção
[Thu Dec  5 21:05:47 2024] Socket criado com sucesso. socket_fd: 3
[Thu Dec  5 21:05:47 2024] Socket deu bind com sucesso
[Thu Dec  5 21:05:47 2024] Server começou a ouvir conecções ao servidor
[Thu Dec  5 21:05:49 2024] Receiving new connection
[Thu Dec  5 21:05:49 2024] New Coop room created and first client connected
[Thu Dec  5 21:05:49 2024] Client has connected to room: room_0, with ID 1 and socket: 4
[Thu Dec  5 21:05:49 2024] Client handshake completed
[Thu Dec  5 21:05:59 2024] Server shutting down gracefully
[Thu Dec  5 21:05:59 2024] Server Gracefully Shutdown
[Thu Dec  5 21:06:02 2024] Config server carregada.
[Thu Dec  5 21:06:02 2024] Servidor começou
[Thu Dec  5 21:06:02 2024] Boards carregados para memoria com sucesso
[Thu Dec  5 21:06:02 2024] A começar setup do socket de connecção
[Thu Dec  5 21:06:02 2024] Socket criado com sucesso. socket_fd: 3
[Thu Dec  5 21:06:02 2024] Socket deu bind com sucesso
[Thu Dec  5 21:06:02 2024] Server começou a ouvir conecções ao servidor
[Thu Dec  5 21:06:04 2024] Receiving new connection
[Thu Dec  5 21:06:04 2024] New Coop room created and first client connected
[Thu Dec  5 21:06:04 2024] Client has connected to room: room_0, with ID 1 and socket: 4
[Thu Dec  5 21:06:43 2024] Config server carregada.
[Thu Dec  5 21:06:43 2024] Servidor começou
[Thu Dec  5 21:06:43 2024] Boards carregados para memoria com sucesso
[Thu Dec  5 21:06:43 2024] A começar setup do socket de connecção
[Thu Dec  5 21:06:43 2024] Socket criado com sucesso. socket_fd: 3
[Thu Dec  5 21:06:43 2024] Socket deu bind com sucesso
[Thu Dec  5 21:06:43 2024] Server começou a ouvir conecções ao servidor
[Thu Dec  5 21:06:44 2024] Receiving new connection
[Thu Dec  5 21:06:44 2024] New Coop room created and first client connected
[Thu Dec  5 21:06:44 2024] Client has connected to room: room_0, with ID 1 and socket: 4
[Thu Dec  5 21:07:19 2024] Config server carregada.
[Thu Dec  5 21:07:19 2024] Servidor começou
[Thu Dec  5 21:07:19 2024] Boards carregados para memoria com sucesso
[Thu Dec  5 21:07:19 2024] A começar setup do socket de connecção
[Thu Dec  5 21:07:19 2024] Socket criado com sucesso. socket_fd: 3
[Thu Dec  5 21:07:19 2024] Socket deu bind com sucesso
[Thu Dec  5 21:07:19 2024] Server começou a ouvir conecções ao servidor
[Thu Dec  5 21:07:25 2024] Receiving new connection
[Thu Dec  5 21:07:25 2024] New Coop room created and first client connected
[Thu Dec  5 21:07:25 2024] Client has connected to room: room_0, with ID 1 and socket: 4
[Thu Dec  5 21:08:10 2024] Config server carregada.
[Thu Dec  5 21:08:10 2024] Servidor começou
[Thu Dec  5 21:08:10 2024] Boards carregados para memoria com sucesso
[Thu Dec  5 21:08:10 2024] A começar setup do socket de connecção
[Thu Dec  5 21:08:10 2024] Socket criado com sucesso. socket_fd: 3
[Thu Dec  5 21:08:10 2024] Socket deu bind com sucesso
[Thu Dec  5 21:08:10 2024] Server começou a ouvir conecções ao servidor
[Thu Dec  5 21:08:12 2024] Receiving new connection
[Thu Dec  5 21:08:12 2024] New Coop room created and first client connected
[Thu Dec  5 21:08:12 2024] Client has connected to room: room_0, with ID 1 and socket: 4
[Thu Dec  5 21:08:57 2024] Config server carregada.
[Thu Dec  5 21:08:57 2024] Servidor começou
[Thu Dec  5 21:08:57 2024] Boards carregados para memoria com sucesso
[Thu Dec  5 21:08:57 2024] A começar setup do socket de connecção
[Thu Dec  5 21:08:57 2024] Socket criado com sucesso. socket_fd: 3
[Thu Dec  5 21:08:57 2024] Socket deu bind com sucesso
[Thu Dec  5 21:08:57 2024] Server começou a ouvir conecções ao servidor
[Thu Dec  5 21:08:59 2024] Receiving new connection
[Thu Dec  5 21:08:59 2024] New Coop room created and first client connected
[Thu Dec  5 21:08:59 2024] Client has connected to room: room_0, with ID 1 and socket: 4
[Thu Dec  5 21:08:59 2024] Client handshake completed
[Thu Dec  5 21:09:36 2024] Server shutting down gracefully
[Thu Dec  5 21:09:36 2024] Server Gracefully Shutdown
[Thu Dec  5 21:09:38 2024] Config server carregada.
[Thu Dec  5 21:09:38 2024] Servidor começou
[Thu Dec  5 21:09:38 2024] Boards carregados para memoria com sucesso
[Thu Dec  5 21:09:38 2024] A começar setup do socket de connecção
[Thu Dec  5 21:09:38 2024] Socket criado com sucesso. socket_fd: 3
[Thu Dec  5 21:09:38 2024] Socket deu bind com sucesso
[Thu Dec  5 21:09:38 2024] Server começou a ouvir conecções ao servidor
[Thu Dec  5 21:09:40 2024] Receiving new connection
[Thu Dec  5 21:09:40 2024] New Coop room created and first client connected
[Thu Dec  5 21:09:40 2024] Client has connected to room: room_0, with ID 1 and socket: 4
[Thu Dec  5 21:09:40 2024] Client handshake completed
[Thu Dec  5 21:11:27 2024] Server shutting down gracefully
[Thu Dec  5 21:11:27 2024] Server Gracefully Shutdown
[Thu Dec  5 21:11:29 2024] Config server carregada.
[Thu Dec  5 21:11:29 2024] Servidor começou
[Thu Dec  5 21:11:29 2024] Boards carregados para memoria com sucesso
[Thu Dec  5 21:11:29 2024] A começar setup do socket de connecção
[Thu Dec  5 21:11:29 2024] Socket criado com sucesso. socket_fd: 3
[Thu Dec  5 21:11:29 2024] Socket deu bind com sucesso
[Thu Dec  5 21:11:29 2024] Server começou a ouvir conecções ao servidor
[Thu Dec  5 21:11:31 2024] Receiving new connection
[Thu Dec  5 21:11:31 2024] New Coop room created and first client connected
[Thu Dec  5 21:11:31 2024] Client has connected to room: room_0, with ID 1 and socket: 4
[Thu Dec  5 21:11:31 2024] Client handshake completed
[Thu Dec  5 21:11:59 2024] Server shutting down gracefully
[Thu Dec  5 21:11:59 2024] Server Gracefully Shutdown
[Thu Dec  5 21:12:01 2024] Config server carregada.
[Thu Dec  5 21:12:01 2024] Servidor começou
[Thu Dec  5 21:12:01 2024] Boards carregados para memoria com sucesso
[Thu Dec  5 21:12:01 2024] A começar setup do socket de connecção
[Thu Dec  5 21:12:01 2024] Socket criado com sucesso. socket_fd: 3
[Thu Dec  5 21:12:01 2024] Socket deu bind com sucesso
[Thu Dec  5 21:12:01 2024] Server começou a ouvir conecções ao servidor
[Thu Dec  5 21:12:02 2024] Receiving new connection
[Thu Dec  5 21:12:02 2024] New Coop room created and first client connected
[Thu Dec  5 21:12:02 2024] Client has connected to room: room_0, with ID 1 and socket: 4
[Thu Dec  5 21:12:02 2024] Client handshake completed
[Thu Dec  5 21:12:47 2024] Server shutting down gracefully
[Thu Dec  5 21:12:47 2024] Server Gracefully Shutdown
[Thu Dec  5 21:14:17 2024] Config server carregada.
[Thu Dec  5 21:14:17 2024] Servidor começou
[Thu Dec  5 21:14:17 2024] Boards carregados para memoria com sucesso
[Thu Dec  5 21:14:17 2024] A começar setup do socket de connecção
[Thu Dec  5 21:14:17 2024] Socket criado com sucesso. socket_fd: 3
[Thu Dec  5 21:14:17 2024] Socket deu bind com sucesso
[Thu Dec  5 21:14:17 2024] Server começou a ouvir conecções ao servidor
[Thu Dec  5 21:14:18 2024] Receiving new connection
[Thu Dec  5 21:14:18 2024] New Coop room created and first client connected
[Thu Dec  5 21:14:18 2024] Client has connected to room: room_0, with ID 1 and socket: 4
[Thu Dec  5 21:14:18 2024] Client handshake completed
[Thu Dec  5 21:14:27 2024] Server shutting down gracefully
[Thu Dec  5 21:14:27 2024] Server Gracefully Shutdown
[Thu Dec  5 21:16:18 2024] Config server carregada.
[Thu Dec  5 21:16:18 2024] Servidor começou
[Thu Dec  5 21:16:18 2024] Boards carregados para memoria com sucesso
[Thu Dec  5 21:16:18 2024] A começar setup do socket de connecção
[Thu Dec  5 21:16:18 2024] Socket criado com sucesso. socket_fd: 3
[Thu Dec  5 21:16:18 2024] Socket deu bind com sucesso
[Thu Dec  5 21:16:18 2024] Server começou a ouvir conecções ao servidor
[Thu Dec  5 21:16:21 2024] Receiving new connection
[Thu Dec  5 21:16:21 2024] New Coop room created and first client connected
[Thu Dec  5 21:16:21 2024] Client has connected to room: room_0, with ID 1 and socket: 4
[Thu Dec  5 21:17:14 2024] Config server carregada.
[Thu Dec  5 21:17:14 2024] Servidor começou
[Thu Dec  5 21:17:14 2024] Boards carregados para memoria com sucesso
[Thu Dec  5 21:17:14 2024] A começar setup do socket de connecção
[Thu Dec  5 21:17:14 2024] Socket criado com sucesso. socket_fd: 3
[Thu Dec  5 21:17:14 2024] Socket deu bind com sucesso
[Thu Dec  5 21:17:14 2024] Server começou a ouvir conecções ao servidor
[Thu Dec  5 21:17:25 2024] Receiving new connection
[Thu Dec  5 21:17:25 2024] New Coop room created and first client connected
[Thu Dec  5 21:17:25 2024] Client has connected to room: room_0, with ID 1 and socket: 4
[Thu Dec  5 21:20:59 2024] Config server carregada.
[Thu Dec  5 21:20:59 2024] Servidor começou
[Thu Dec  5 21:20:59 2024] Boards carregados para memoria com sucesso
[Thu Dec  5 21:20:59 2024] A começar setup do socket de connecção
[Thu Dec  5 21:20:59 2024] Socket criado com sucesso. socket_fd: 3
[Thu Dec  5 21:20:59 2024] Socket deu bind com sucesso
[Thu Dec  5 21:20:59 2024] Server começou a ouvir conecções ao servidor
[Thu Dec  5 21:21:01 2024] Receiving new connection
[Thu Dec  5 21:21:01 2024] New Coop room created and first client connected
[Thu Dec  5 21:21:01 2024] Client has connected to room: room_0, with ID 1 and socket: 4
[Thu Dec  5 21:21:08 2024] Client handshake completed
[Thu Dec  5 21:21:55 2024] Config server carregada.
[Thu Dec  5 21:21:55 2024] Servidor começou
[Thu Dec  5 21:21:55 2024] Boards carregados para memoria com sucesso
[Thu Dec  5 21:21:55 2024] A começar setup do socket de connecção
[Thu Dec  5 21:21:55 2024] Socket criado com sucesso. socket_fd: 3
[Thu Dec  5 21:21:55 2024] Socket deu bind com sucesso
[Thu Dec  5 21:21:55 2024] Server começou a ouvir conecções ao servidor
[Thu Dec  5 21:21:56 2024] Receiving new connection
[Thu Dec  5 21:21:56 2024] New Coop room created and first client connected
[Thu Dec  5 21:21:56 2024] Client has connected to room: room_0, with ID 1 and socket: 4
[Thu Dec  5 21:21:59 2024] Client handshake completed
[Thu Dec  5 21:22:14 2024] Config server carregada.
[Thu Dec  5 21:22:14 2024] Servidor começou
[Thu Dec  5 21:22:14 2024] Boards carregados para memoria com sucesso
[Thu Dec  5 21:22:14 2024] A começar setup do socket de connecção
[Thu Dec  5 21:22:14 2024] Socket criado com sucesso. socket_fd: 3
[Thu Dec  5 21:22:14 2024] Socket deu bind com sucesso
[Thu Dec  5 21:22:14 2024] Server começou a ouvir conecções ao servidor
[Thu Dec  5 21:22:16 2024] Receiving new connection
[Thu Dec  5 21:22:16 2024] New Coop room created and first client connected
[Thu Dec  5 21:22:16 2024] Client has connected to room: room_0, with ID 1 and socket: 4
[Thu Dec  5 21:23:03 2024] Config server carregada.
[Thu Dec  5 21:23:03 2024] Servidor começou
[Thu Dec  5 21:23:03 2024] Boards carregados para memoria com sucesso
[Thu Dec  5 21:23:03 2024] A começar setup do socket de connecção
[Thu Dec  5 21:23:03 2024] Socket criado com sucesso. socket_fd: 3
[Thu Dec  5 21:23:03 2024] Socket deu bind com sucesso
[Thu Dec  5 21:23:03 2024] Server começou a ouvir conecções ao servidor
[Thu Dec  5 21:23:05 2024] Receiving new connection
[Thu Dec  5 21:23:05 2024] New Coop room created and first client connected
[Thu Dec  5 21:23:05 2024] Client has connected to room: room_0, with ID 1 and socket: 4
[Thu Dec  5 21:23:08 2024] Client handshake completed
[Thu Dec  5 21:24:25 2024] Config server carregada.
[Thu Dec  5 21:24:25 2024] Servidor começou
[Thu Dec  5 21:24:25 2024] Boards carregados para memoria com sucesso
[Thu Dec  5 21:24:25 2024] A começar setup do socket de connecção
[Thu Dec  5 21:24:25 2024] Socket criado com sucesso. socket_fd: 3
[Thu Dec  5 21:24:25 2024] Socket deu bind com sucesso
[Thu Dec  5 21:24:25 2024] Server começou a ouvir conecções ao servidor
[Thu Dec  5 21:24:28 2024] Receiving new connection
[Thu Dec  5 21:24:28 2024] New Coop room created and first client connected
[Thu Dec  5 21:24:28 2024] Client has connected to room: room_0, with ID 1 and socket: 4
[Thu Dec  5 21:24:28 2024] Client handshake completed
[Thu Dec  5 21:24:36 2024] Server shutting down gracefully
[Thu Dec  5 21:24:36 2024] Server Gracefully Shutdown
[Thu Dec  5 21:24:42 2024] Config server carregada.
[Thu Dec  5 21:24:42 2024] Servidor começou
[Thu Dec  5 21:24:42 2024] Boards carregados para memoria com sucesso
[Thu Dec  5 21:24:42 2024] A começar setup do socket de connecção
[Thu Dec  5 21:24:42 2024] Socket criado com sucesso. socket_fd: 3
[Thu Dec  5 21:24:42 2024] Socket deu bind com sucesso
[Thu Dec  5 21:24:42 2024] Server começou a ouvir conecções ao servidor
[Thu Dec  5 21:24:44 2024] Receiving new connection
[Thu Dec  5 21:24:44 2024] New Coop room created and first client connected
[Thu Dec  5 21:24:44 2024] Client has connected to room: room_0, with ID 1 and socket: 4
[Thu Dec  5 21:25:00 2024] Config server carregada.
[Thu Dec  5 21:25:00 2024] Servidor começou
[Thu Dec  5 21:25:00 2024] Boards carregados para memoria com sucesso
[Thu Dec  5 21:25:00 2024] A começar setup do socket de connecção
[Thu Dec  5 21:25:00 2024] Socket criado com sucesso. socket_fd: 3
[Thu Dec  5 21:25:00 2024] Socket deu bind com sucesso
[Thu Dec  5 21:25:00 2024] Server começou a ouvir conecções ao servidor
[Thu Dec  5 21:25:01 2024] Receiving new connection
[Thu Dec  5 21:25:01 2024] New Coop room created and first client connected
[Thu Dec  5 21:25:01 2024] Client has connected to room: room_0, with ID 1 and socket: 4
[Thu Dec  5 21:25:07 2024] Config server carregada.
[Thu Dec  5 21:25:07 2024] Servidor começou
[Thu Dec  5 21:25:07 2024] Boards carregados para memoria com sucesso
[Thu Dec  5 21:25:07 2024] A começar setup do socket de connecção
[Thu Dec  5 21:25:07 2024] Socket criado com sucesso. socket_fd: 3
[Thu Dec  5 21:25:07 2024] Socket deu bind com sucesso
[Thu Dec  5 21:25:07 2024] Server começou a ouvir conecções ao servidor
[Thu Dec  5 21:25:12 2024] Receiving new connection
[Thu Dec  5 21:25:12 2024] New Coop room created and first client connected
[Thu Dec  5 21:25:12 2024] Client has connected to room: room_0, with ID 1 and socket: 4
[Thu Dec  5 21:25:55 2024] Config server carregada.
[Thu Dec  5 21:25:55 2024] Servidor começou
[Thu Dec  5 21:25:55 2024] Boards carregados para memoria com sucesso
[Thu Dec  5 21:25:55 2024] A começar setup do socket de connecção
[Thu Dec  5 21:25:55 2024] Socket criado com sucesso. socket_fd: 3
[Thu Dec  5 21:25:55 2024] Socket deu bind com sucesso
[Thu Dec  5 21:25:55 2024] Server começou a ouvir conecções ao servidor
[Thu Dec  5 21:25:57 2024] Receiving new connection
[Thu Dec  5 21:25:57 2024] New Coop room created and first client connected
[Thu Dec  5 21:25:57 2024] Client has connected to room: room_0, with ID 1 and socket: 4
[Thu Dec  5 21:26:14 2024] Config server carregada.
[Thu Dec  5 21:26:14 2024] Servidor começou
[Thu Dec  5 21:26:14 2024] Boards carregados para memoria com sucesso
[Thu Dec  5 21:26:14 2024] A começar setup do socket de connecção
[Thu Dec  5 21:26:14 2024] Socket criado com sucesso. socket_fd: 3
[Thu Dec  5 21:26:14 2024] Socket deu bind com sucesso
[Thu Dec  5 21:26:14 2024] Server começou a ouvir conecções ao servidor
[Thu Dec  5 21:26:15 2024] Receiving new connection
[Thu Dec  5 21:26:15 2024] New Coop room created and first client connected
[Thu Dec  5 21:26:15 2024] Client has connected to room: room_0, with ID 1 and socket: 4
[Thu Dec  5 21:26:18 2024] Config server carregada.
[Thu Dec  5 21:26:18 2024] Servidor começou
[Thu Dec  5 21:26:18 2024] Boards carregados para memoria com sucesso
[Thu Dec  5 21:26:18 2024] A começar setup do socket de connecção
[Thu Dec  5 21:26:18 2024] Socket criado com sucesso. socket_fd: 3
[Thu Dec  5 21:26:18 2024] Socket deu bind com sucesso
[Thu Dec  5 21:26:18 2024] Server começou a ouvir conecções ao servidor
[Thu Dec  5 21:26:19 2024] Receiving new connection
[Thu Dec  5 21:26:19 2024] New Coop room created and first client connected
[Thu Dec  5 21:26:19 2024] Client has connected to room: room_0, with ID 1 and socket: 4
[Thu Dec  5 21:26:19 2024] Client handshake completed
[Thu Dec  5 21:27:17 2024] Server shutting down gracefully
[Thu Dec  5 21:27:17 2024] Server Gracefully Shutdown
[Thu Dec  5 21:27:17 2024] Config server carregada.
[Thu Dec  5 21:27:17 2024] Servidor começou
[Thu Dec  5 21:27:17 2024] Boards carregados para memoria com sucesso
[Thu Dec  5 21:27:17 2024] A começar setup do socket de connecção
[Thu Dec  5 21:27:17 2024] Socket criado com sucesso. socket_fd: 3
[Thu Dec  5 21:27:17 2024] Socket deu bind com sucesso
[Thu Dec  5 21:27:17 2024] Server começou a ouvir conecções ao servidor
[Thu Dec  5 21:27:20 2024] Server shutting down gracefully
[Thu Dec  5 21:27:20 2024] Server Gracefully Shutdown
[Thu Dec  5 21:27:20 2024] Config server carregada.
[Thu Dec  5 21:27:20 2024] Servidor começou
[Thu Dec  5 21:27:20 2024] Boards carregados para memoria com sucesso
[Thu Dec  5 21:27:20 2024] A começar setup do socket de connecção
[Thu Dec  5 21:27:20 2024] Socket criado com sucesso. socket_fd: 3
[Thu Dec  5 21:27:20 2024] Socket deu bind com sucesso
[Thu Dec  5 21:27:20 2024] Server começou a ouvir conecções ao servidor
[Thu Dec  5 21:27:26 2024] Receiving new connection
[Thu Dec  5 21:27:26 2024] New Coop room created and first client connected
[Thu Dec  5 21:27:26 2024] Client has connected to room: room_0, with ID 1 and socket: 4
[Thu Dec  5 21:27:26 2024] Client handshake completed
[Thu Dec  5 21:27:52 2024] Server shutting down gracefully
[Thu Dec  5 21:27:52 2024] Server Gracefully Shutdown
[Thu Dec  5 21:27:54 2024] Config server carregada.
[Thu Dec  5 21:27:54 2024] Servidor começou
[Thu Dec  5 21:27:54 2024] Boards carregados para memoria com sucesso
[Thu Dec  5 21:27:54 2024] A começar setup do socket de connecção
[Thu Dec  5 21:27:54 2024] Socket criado com sucesso. socket_fd: 3
[Thu Dec  5 21:27:54 2024] Socket deu bind com sucesso
[Thu Dec  5 21:27:54 2024] Server começou a ouvir conecções ao servidor
[Thu Dec  5 21:27:56 2024] Receiving new connection
[Thu Dec  5 21:27:56 2024] New Coop room created and first client connected
[Thu Dec  5 21:27:56 2024] Client has connected to room: room_0, with ID 1 and socket: 4
[Thu Dec  5 21:27:56 2024] Client handshake completed
[Thu Dec  5 21:29:12 2024] Server shutting down gracefully
[Thu Dec  5 21:29:12 2024] Server Gracefully Shutdown
[Thu Dec  5 21:29:15 2024] Config server carregada.
[Thu Dec  5 21:29:15 2024] Servidor começou
[Thu Dec  5 21:29:15 2024] Boards carregados para memoria com sucesso
[Thu Dec  5 21:29:15 2024] A começar setup do socket de connecção
[Thu Dec  5 21:29:15 2024] Socket criado com sucesso. socket_fd: 3
[Thu Dec  5 21:29:15 2024] Socket deu bind com sucesso
[Thu Dec  5 21:29:15 2024] Server começou a ouvir conecções ao servidor
[Thu Dec  5 21:29:17 2024] Receiving new connection
[Thu Dec  5 21:29:17 2024] New Coop room created and first client connected
[Thu Dec  5 21:29:17 2024] Client has connected to room: room_0, with ID 1 and socket: 4
[Thu Dec  5 21:29:17 2024] Client handshake completed
[Thu Dec  5 21:30:10 2024] Server shutting down gracefully
[Thu Dec  5 21:30:10 2024] Server shutting down gracefully
[Thu Dec  5 21:30:10 2024] Server Gracefully Shutdown
[Thu Dec  5 21:30:10 2024] Server Gracefully Shutdown
[Thu Dec  5 21:30:12 2024] Config server carregada.
[Thu Dec  5 21:30:12 2024] Servidor começou
[Thu Dec  5 21:30:12 2024] Boards carregados para memoria com sucesso
[Thu Dec  5 21:30:12 2024] A começar setup do socket de connecção
[Thu Dec  5 21:30:12 2024] Socket criado com sucesso. socket_fd: 3
[Thu Dec  5 21:30:12 2024] Socket deu bind com sucesso
[Thu Dec  5 21:30:12 2024] Server começou a ouvir conecções ao servidor
[Thu Dec  5 21:30:13 2024] Receiving new connection
[Thu Dec  5 21:30:13 2024] New Coop room created and first client connected
[Thu Dec  5 21:30:13 2024] Client has connected to room: room_0, with ID 1 and socket: 4
[Thu Dec  5 21:30:13 2024] Client handshake completed
[Thu Dec  5 21:30:36 2024] Server shutting down gracefully
[Thu Dec  5 21:30:36 2024] Server Gracefully Shutdown
[Thu Dec  5 21:30:37 2024] Config server carregada.
[Thu Dec  5 21:30:37 2024] Servidor começou
[Thu Dec  5 21:30:37 2024] Boards carregados para memoria com sucesso
[Thu Dec  5 21:30:37 2024] A começar setup do socket de connecção
[Thu Dec  5 21:30:37 2024] Socket criado com sucesso. socket_fd: 3
[Thu Dec  5 21:30:37 2024] Socket deu bind com sucesso
[Thu Dec  5 21:30:37 2024] Server começou a ouvir conecções ao servidor
[Thu Dec  5 21:30:39 2024] Receiving new connection
[Thu Dec  5 21:30:39 2024] New Coop room created and first client connected
[Thu Dec  5 21:30:39 2024] Client has connected to room: room_0, with ID 1 and socket: 4
[Thu Dec  5 21:30:39 2024] Client handshake completed
[Thu Dec  5 21:32:43 2024] Server shutting down gracefully
[Thu Dec  5 21:32:43 2024] Server Gracefully Shutdown
[Thu Dec  5 21:32:44 2024] Config server carregada.
[Thu Dec  5 21:32:44 2024] Servidor começou
[Thu Dec  5 21:32:44 2024] Boards carregados para memoria com sucesso
[Thu Dec  5 21:32:44 2024] A começar setup do socket de connecção
[Thu Dec  5 21:32:44 2024] Socket criado com sucesso. socket_fd: 3
[Thu Dec  5 21:32:44 2024] Socket deu bind com sucesso
[Thu Dec  5 21:32:44 2024] Server começou a ouvir conecções ao servidor
[Thu Dec  5 21:32:46 2024] Receiving new connection
[Thu Dec  5 21:32:46 2024] New Coop room created and first client connected
[Thu Dec  5 21:32:46 2024] Client has connected to room: room_0, with ID 1 and socket: 4
[Thu Dec  5 21:32:46 2024] Client handshake completed
[Thu Dec  5 21:33:11 2024] Server shutting down gracefully
[Thu Dec  5 21:33:11 2024] Server Gracefully Shutdown
[Thu Dec  5 21:33:11 2024] Server shutting down gracefully
[Thu Dec  5 21:33:11 2024] Server Gracefully Shutdown
[Thu Dec  5 21:33:15 2024] Config server carregada.
[Thu Dec  5 21:33:15 2024] Servidor começou
[Thu Dec  5 21:33:15 2024] Boards carregados para memoria com sucesso
[Thu Dec  5 21:33:15 2024] A começar setup do socket de connecção
[Thu Dec  5 21:33:15 2024] Socket criado com sucesso. socket_fd: 3
[Thu Dec  5 21:33:15 2024] Socket deu bind com sucesso
[Thu Dec  5 21:33:15 2024] Server começou a ouvir conecções ao servidor
[Thu Dec  5 21:33:17 2024] Receiving new connection
[Thu Dec  5 21:33:17 2024] New Coop room created and first client connected
[Thu Dec  5 21:33:17 2024] Client has connected to room: room_0, with ID 1 and socket: 4
[Thu Dec  5 21:33:17 2024] Client handshake completed
[Thu Dec  5 21:35:01 2024] Server shutting down gracefully
[Thu Dec  5 21:35:01 2024] Server shutting down gracefully
[Thu Dec  5 21:35:01 2024] Server Gracefully Shutdown
[Thu Dec  5 21:35:01 2024] Server Gracefully Shutdown
[Thu Dec  5 21:35:04 2024] Config server carregada.
[Thu Dec  5 21:35:04 2024] Servidor começou
[Thu Dec  5 21:35:04 2024] Boards carregados para memoria com sucesso
[Thu Dec  5 21:35:04 2024] A começar setup do socket de connecção
[Thu Dec  5 21:35:04 2024] Socket criado com sucesso. socket_fd: 3
[Thu Dec  5 21:35:04 2024] Socket deu bind com sucesso
[Thu Dec  5 21:35:04 2024] Server começou a ouvir conecções ao servidor
[Thu Dec  5 21:35:05 2024] Receiving new connection
[Thu Dec  5 21:35:05 2024] New Coop room created and first client connected
[Thu Dec  5 21:35:05 2024] Client has connected to room: room_0, with ID 1 and socket: 4
[Thu Dec  5 21:35:05 2024] Client handshake completed
[Thu Dec  5 21:35:50 2024] Receiving new connection
[Thu Dec  5 21:35:50 2024] New Coop room created and first client connected
[Thu Dec  5 21:35:50 2024] Client has connected to room: room_1, with ID 1 and socket: 7
[Thu Dec  5 21:35:50 2024] Client handshake completed
[Thu Dec  5 21:35:52 2024] Server shutting down gracefully
[Thu Dec  5 21:35:52 2024] Server shutting down gracefully
[Thu Dec  5 21:35:52 2024] Server Gracefully Shutdown
[Thu Dec  5 21:35:52 2024] Server Gracefully Shutdown
[Thu Dec  5 21:35:54 2024] Config server carregada.
[Thu Dec  5 21:35:54 2024] Servidor começou
[Thu Dec  5 21:35:54 2024] Boards carregados para memoria com sucesso
[Thu Dec  5 21:35:54 2024] A começar setup do socket de connecção
[Thu Dec  5 21:35:54 2024] Socket criado com sucesso. socket_fd: 3
[Thu Dec  5 21:35:54 2024] Socket deu bind com sucesso
[Thu Dec  5 21:35:54 2024] Server começou a ouvir conecções ao servidor
[Thu Dec  5 21:35:56 2024] Receiving new connection
[Thu Dec  5 21:35:56 2024] New Coop room created and first client connected
[Thu Dec  5 21:35:56 2024] Client has connected to room: room_0, with ID 1 and socket: 4
[Thu Dec  5 21:35:56 2024] Client handshake completed
[Thu Dec  5 21:36:43 2024] Server shutting down gracefully
[Thu Dec  5 21:36:43 2024] Server Gracefully Shutdown
[Thu Dec  5 21:36:43 2024] Server shutting down gracefully
[Thu Dec  5 21:36:43 2024] Server Gracefully Shutdown
[Thu Dec  5 21:36:45 2024] Config server carregada.
[Thu Dec  5 21:36:45 2024] Servidor começou
[Thu Dec  5 21:36:45 2024] Boards carregados para memoria com sucesso
[Thu Dec  5 21:36:45 2024] A começar setup do socket de connecção
[Thu Dec  5 21:36:45 2024] Socket criado com sucesso. socket_fd: 3
[Thu Dec  5 21:36:45 2024] Socket deu bind com sucesso
[Thu Dec  5 21:36:45 2024] Server começou a ouvir conecções ao servidor
[Thu Dec  5 21:36:47 2024] Receiving new connection
[Thu Dec  5 21:36:47 2024] New Coop room created and first client connected
[Thu Dec  5 21:36:47 2024] Client has connected to room: room_0, with ID 1 and socket: 4
[Thu Dec  5 21:36:47 2024] Client handshake completed
[Thu Dec  5 21:38:19 2024] Server shutting down gracefully
[Thu Dec  5 21:38:19 2024] Server shutting down gracefully
[Thu Dec  5 21:38:19 2024] Server Gracefully Shutdown
[Thu Dec  5 21:38:19 2024] Server Gracefully Shutdown
[Thu Dec  5 21:38:23 2024] Config server carregada.
[Thu Dec  5 21:38:23 2024] Servidor começou
[Thu Dec  5 21:38:23 2024] Boards carregados para memoria com sucesso
[Thu Dec  5 21:38:23 2024] A começar setup do socket de connecção
[Thu Dec  5 21:38:23 2024] Socket criado com sucesso. socket_fd: 3
[Thu Dec  5 21:38:23 2024] Socket deu bind com sucesso
[Thu Dec  5 21:38:23 2024] Server começou a ouvir conecções ao servidor
[Thu Dec  5 21:38:25 2024] Receiving new connection
[Thu Dec  5 21:38:25 2024] New Coop room created and first client connected
[Thu Dec  5 21:38:25 2024] Client has connected to room: room_0, with ID 1 and socket: 4
[Thu Dec  5 21:38:25 2024] Client handshake completed
[Thu Dec  5 21:40:58 2024] Server shutting down gracefully
[Thu Dec  5 21:40:58 2024] Server shutting down gracefully
[Thu Dec  5 21:40:58 2024] Server Gracefully Shutdown
[Thu Dec  5 21:40:58 2024] Server Gracefully Shutdown
[Thu Dec  5 21:41:00 2024] Config server carregada.
[Thu Dec  5 21:41:00 2024] Servidor começou
[Thu Dec  5 21:41:00 2024] Boards carregados para memoria com sucesso
[Thu Dec  5 21:41:00 2024] A começar setup do socket de connecção
[Thu Dec  5 21:41:00 2024] Socket criado com sucesso. socket_fd: 3
[Thu Dec  5 21:41:00 2024] Socket deu bind com sucesso
[Thu Dec  5 21:41:00 2024] Server começou a ouvir conecções ao servidor
[Thu Dec  5 21:41:02 2024] Receiving new connection
[Thu Dec  5 21:41:02 2024] New Coop room created and first client connected
[Thu Dec  5 21:41:02 2024] Client has connected to room: room_0, with ID 1 and socket: 4
[Thu Dec  5 21:41:02 2024] Client handshake completed
[Thu Dec  5 21:41:31 2024] Server shutting down gracefully
[Thu Dec  5 21:41:31 2024] Server shutting down gracefully
[Thu Dec  5 21:41:31 2024] Server Gracefully Shutdown
[Thu Dec  5 21:41:31 2024] Server Gracefully Shutdown
[Thu Dec  5 21:41:33 2024] Config server carregada.
[Thu Dec  5 21:41:33 2024] Servidor começou
[Thu Dec  5 21:41:33 2024] Boards carregados para memoria com sucesso
[Thu Dec  5 21:41:33 2024] A começar setup do socket de connecção
[Thu Dec  5 21:41:33 2024] Socket criado com sucesso. socket_fd: 3
[Thu Dec  5 21:41:33 2024] Socket deu bind com sucesso
[Thu Dec  5 21:41:33 2024] Server começou a ouvir conecções ao servidor
[Thu Dec  5 21:41:34 2024] Receiving new connection
[Thu Dec  5 21:41:34 2024] New Coop room created and first client connected
[Thu Dec  5 21:41:34 2024] Client has connected to room: room_0, with ID 1 and socket: 4
[Thu Dec  5 21:41:34 2024] Client handshake completed
[Thu Dec  5 21:41:39 2024] Server shutting down gracefully
[Thu Dec  5 21:41:39 2024] Server shutting down gracefully
[Thu Dec  5 21:41:39 2024] Server Gracefully Shutdown
[Thu Dec  5 21:41:39 2024] Server Gracefully Shutdown
[Thu Dec  5 21:42:33 2024] Config server carregada.
[Thu Dec  5 21:42:33 2024] Servidor começou
[Thu Dec  5 21:42:33 2024] Boards carregados para memoria com sucesso
[Thu Dec  5 21:42:33 2024] A começar setup do socket de connecção
[Thu Dec  5 21:42:33 2024] Socket criado com sucesso. socket_fd: 3
[Thu Dec  5 21:42:33 2024] Socket deu bind com sucesso
[Thu Dec  5 21:42:33 2024] Server começou a ouvir conecções ao servidor
[Thu Dec  5 21:42:35 2024] Receiving new connection
[Thu Dec  5 21:42:35 2024] New Coop room created and first client connected
[Thu Dec  5 21:42:35 2024] Client has connected to room: room_0, with ID 1 and socket: 4
[Thu Dec  5 21:42:35 2024] Client handshake completed
[Thu Dec  5 21:42:53 2024] Server shutting down gracefully
[Thu Dec  5 21:42:53 2024] Server shutting down gracefully
[Thu Dec  5 21:42:53 2024] Server Gracefully Shutdown
[Thu Dec  5 21:42:53 2024] Server Gracefully Shutdown
[Thu Dec  5 21:43:09 2024] Config server carregada.
[Thu Dec  5 21:43:09 2024] Servidor começou
[Thu Dec  5 21:43:09 2024] Boards carregados para memoria com sucesso
[Thu Dec  5 21:43:09 2024] A começar setup do socket de connecção
[Thu Dec  5 21:43:09 2024] Socket criado com sucesso. socket_fd: 3
[Thu Dec  5 21:43:09 2024] Socket deu bind com sucesso
[Thu Dec  5 21:43:09 2024] Server começou a ouvir conecções ao servidor
[Thu Dec  5 21:43:11 2024] Receiving new connection
[Thu Dec  5 21:43:11 2024] New Coop room created and first client connected
[Thu Dec  5 21:43:11 2024] Client has connected to room: room_0, with ID 1 and socket: 4
[Thu Dec  5 21:43:11 2024] Client handshake completed
[Thu Dec  5 21:43:32 2024] Server shutting down gracefully
[Thu Dec  5 21:43:32 2024] Server shutting down gracefully
[Thu Dec  5 21:43:32 2024] Server Gracefully Shutdown
[Thu Dec  5 21:43:32 2024] Server Gracefully Shutdown
[Thu Dec  5 21:43:34 2024] Config server carregada.
[Thu Dec  5 21:43:34 2024] Servidor começou
[Thu Dec  5 21:43:34 2024] Boards carregados para memoria com sucesso
[Thu Dec  5 21:43:34 2024] A começar setup do socket de connecção
[Thu Dec  5 21:43:34 2024] Socket criado com sucesso. socket_fd: 3
[Thu Dec  5 21:43:34 2024] Socket deu bind com sucesso
[Thu Dec  5 21:43:34 2024] Server começou a ouvir conecções ao servidor
[Thu Dec  5 21:43:36 2024] Receiving new connection
[Thu Dec  5 21:43:36 2024] New Coop room created and first client connected
[Thu Dec  5 21:43:36 2024] Client has connected to room: room_0, with ID 1 and socket: 4
[Thu Dec  5 21:43:36 2024] Client handshake completed
[Thu Dec  5 21:43:49 2024] Server shutting down gracefully
[Thu Dec  5 21:43:49 2024] Server shutting down gracefully
[Thu Dec  5 21:43:49 2024] Server Gracefully Shutdown
[Thu Dec  5 21:43:49 2024] Server Gracefully Shutdown
[Thu Dec  5 21:44:04 2024] Config server carregada.
[Thu Dec  5 21:44:04 2024] Servidor começou
[Thu Dec  5 21:44:04 2024] Boards carregados para memoria com sucesso
[Thu Dec  5 21:44:04 2024] A começar setup do socket de connecção
[Thu Dec  5 21:44:04 2024] Socket criado com sucesso. socket_fd: 3
[Thu Dec  5 21:44:04 2024] Socket deu bind com sucesso
[Thu Dec  5 21:44:04 2024] Server começou a ouvir conecções ao servidor
[Thu Dec  5 21:44:06 2024] Receiving new connection
[Thu Dec  5 21:44:06 2024] New Coop room created and first client connected
[Thu Dec  5 21:44:06 2024] Client has connected to room: room_0, with ID 1 and socket: 4
[Thu Dec  5 21:44:06 2024] Client handshake completed
[Thu Dec  5 21:44:09 2024] Receiving new connection
[Thu Dec  5 21:44:09 2024] Client has been assigned room_0, id: 1, socket: 6
[Thu Dec  5 21:44:12 2024] Receiving new connection
[Thu Dec  5 21:44:12 2024] Client has been assigned room_0, id: 2, socket: 7
[Thu Dec  5 21:44:54 2024] Server shutting down gracefully
[Thu Dec  5 21:44:54 2024] Server Gracefully Shutdown
[Thu Dec  5 21:46:06 2024] Config server carregada.
[Thu Dec  5 21:46:06 2024] Servidor começou
[Thu Dec  5 21:46:06 2024] Boards carregados para memoria com sucesso
[Thu Dec  5 21:46:06 2024] A começar setup do socket de connecção
[Thu Dec  5 21:46:06 2024] Socket criado com sucesso. socket_fd: 3
[Thu Dec  5 21:46:06 2024] Socket deu bind com sucesso
[Thu Dec  5 21:46:06 2024] Server começou a ouvir conecções ao servidor
[Thu Dec  5 21:46:08 2024] Receiving new connection
[Thu Dec  5 21:46:08 2024] New Coop room created and first client connected
[Thu Dec  5 21:46:08 2024] Client has connected to room: room_0, with ID 1 and socket: 4
[Thu Dec  5 21:46:08 2024] Client handshake completed
[Thu Dec  5 21:46:09 2024] Receiving new connection
[Thu Dec  5 21:46:09 2024] Client has been assigned room_0, id: 1, socket: 6
[Thu Dec  5 21:46:11 2024] Receiving new connection
[Thu Dec  5 21:46:11 2024] Client has been assigned room_0, id: 2, socket: 7
[Thu Dec  5 21:46:48 2024] Server shutting down gracefully
[Thu Dec  5 21:46:48 2024] Server Gracefully Shutdown
[Thu Dec  5 21:46:50 2024] Config server carregada.
[Thu Dec  5 21:46:50 2024] Servidor começou
[Thu Dec  5 21:46:50 2024] Boards carregados para memoria com sucesso
[Thu Dec  5 21:46:50 2024] A começar setup do socket de connecção
[Thu Dec  5 21:46:50 2024] Socket criado com sucesso. socket_fd: 3
[Thu Dec  5 21:46:50 2024] Socket deu bind com sucesso
[Thu Dec  5 21:46:50 2024] Server começou a ouvir conecções ao servidor
[Thu Dec  5 21:46:53 2024] Receiving new connection
[Thu Dec  5 21:46:53 2024] New Coop room created and first client connected
[Thu Dec  5 21:46:53 2024] Client has connected to room: room_0, with ID 1 and socket: 4
[Thu Dec  5 21:46:53 2024] Client handshake completed
[Thu Dec  5 21:46:55 2024] Receiving new connection
[Thu Dec  5 21:46:55 2024] Client has been assigned room_0, id: 1, socket: 6
[Thu Dec  5 21:46:57 2024] Receiving new connection
[Thu Dec  5 21:46:57 2024] Client has been assigned room_0, id: 2, socket: 7
[Thu Dec  5 21:47:47 2024] Server shutting down gracefully
[Thu Dec  5 21:47:47 2024] Server Gracefully Shutdown
[Thu Dec  5 21:47:55 2024] Config server carregada.
[Thu Dec  5 21:47:55 2024] Servidor começou
[Thu Dec  5 21:47:55 2024] Boards carregados para memoria com sucesso
[Thu Dec  5 21:47:55 2024] A começar setup do socket de connecção
[Thu Dec  5 21:47:55 2024] Socket criado com sucesso. socket_fd: 3
[Thu Dec  5 21:47:55 2024] Socket deu bind com sucesso
[Thu Dec  5 21:47:55 2024] Server começou a ouvir conecções ao servidor
[Thu Dec  5 21:47:57 2024] Receiving new connection
[Thu Dec  5 21:47:57 2024] New Coop room created and first client connected
[Thu Dec  5 21:47:57 2024] Client has connected to room: room_0, with ID 1 and socket: 4
[Thu Dec  5 21:47:57 2024] Client handshake completed
[Thu Dec  5 21:47:59 2024] Receiving new connection
[Thu Dec  5 21:47:59 2024] Client has been assigned room_0, id: 1, socket: 6
[Thu Dec  5 21:48:00 2024] Receiving new connection
[Thu Dec  5 21:48:00 2024] Client has been assigned room_0, id: 2, socket: 7
[Thu Dec  5 21:49:21 2024] Server shutting down gracefully
[Thu Dec  5 21:49:21 2024] Server Gracefully Shutdown
[Thu Dec  5 21:49:22 2024] Config server carregada.
[Thu Dec  5 21:49:22 2024] Servidor começou
[Thu Dec  5 21:49:22 2024] Boards carregados para memoria com sucesso
[Thu Dec  5 21:49:22 2024] A começar setup do socket de connecção
[Thu Dec  5 21:49:22 2024] Socket criado com sucesso. socket_fd: 3
[Thu Dec  5 21:49:22 2024] Socket deu bind com sucesso
[Thu Dec  5 21:49:22 2024] Server começou a ouvir conecções ao servidor
[Thu Dec  5 21:49:24 2024] Receiving new connection
[Thu Dec  5 21:49:24 2024] New Coop room created and first client connected
[Thu Dec  5 21:49:24 2024] Client has connected to room: room_0, with ID 1 and socket: 4
[Thu Dec  5 21:49:24 2024] Client handshake completed
[Thu Dec  5 21:49:26 2024] Receiving new connection
[Thu Dec  5 21:49:26 2024] Client has been assigned room_0, id: 1, socket: 7
[Thu Dec  5 21:49:27 2024] Receiving new connection
[Thu Dec  5 21:49:27 2024] Client has been assigned room_0, id: 2, socket: 6
[Thu Dec  5 21:49:35 2024] Server shutting down gracefully
[Thu Dec  5 21:49:35 2024] Server Gracefully Shutdown
[Thu Dec  5 21:49:48 2024] Config server carregada.
[Thu Dec  5 21:49:48 2024] Servidor começou
[Thu Dec  5 21:49:48 2024] Boards carregados para memoria com sucesso
[Thu Dec  5 21:49:48 2024] A começar setup do socket de connecção
[Thu Dec  5 21:49:48 2024] Socket criado com sucesso. socket_fd: 3
[Thu Dec  5 21:49:48 2024] Socket deu bind com sucesso
[Thu Dec  5 21:49:48 2024] Server começou a ouvir conecções ao servidor
[Thu Dec  5 21:49:49 2024] Receiving new connection
[Thu Dec  5 21:49:49 2024] New Coop room created and first client connected
[Thu Dec  5 21:49:49 2024] Client has connected to room: room_0, with ID 1 and socket: 4
[Thu Dec  5 21:49:49 2024] Client handshake completed
[Thu Dec  5 21:49:51 2024] Receiving new connection
[Thu Dec  5 21:49:51 2024] Client has been assigned room_0, id: 1, socket: 6
[Thu Dec  5 21:49:52 2024] Receiving new connection
[Thu Dec  5 21:49:52 2024] Client has been assigned room_0, id: 2, socket: 7
[Thu Dec  5 21:50:42 2024] Server shutting down gracefully
[Thu Dec  5 21:50:42 2024] Server Gracefully Shutdown
[Thu Dec  5 21:50:44 2024] Config server carregada.
[Thu Dec  5 21:50:44 2024] Servidor começou
[Thu Dec  5 21:50:44 2024] Boards carregados para memoria com sucesso
[Thu Dec  5 21:50:44 2024] A começar setup do socket de connecção
[Thu Dec  5 21:50:44 2024] Socket criado com sucesso. socket_fd: 3
[Thu Dec  5 21:50:44 2024] Socket deu bind com sucesso
[Thu Dec  5 21:50:44 2024] Server começou a ouvir conecções ao servidor
[Thu Dec  5 21:50:46 2024] Receiving new connection
[Thu Dec  5 21:50:46 2024] New Coop room created and first client connected
[Thu Dec  5 21:50:46 2024] Client has connected to room: room_0, with ID 1 and socket: 4
[Thu Dec  5 21:50:46 2024] Client handshake completed
[Thu Dec  5 21:50:47 2024] Receiving new connection
[Thu Dec  5 21:50:47 2024] Client has been assigned room_0, id: 1, socket: 7
[Thu Dec  5 21:50:49 2024] Receiving new connection
[Thu Dec  5 21:50:49 2024] Client has been assigned room_0, id: 2, socket: 6
[Thu Dec  5 21:51:04 2024] Server shutting down gracefully
[Thu Dec  5 21:51:04 2024] Server shutting down gracefully
[Thu Dec  5 21:51:04 2024] Server shutting down gracefully
[Thu Dec  5 21:51:04 2024] Server shutting down gracefully
[Thu Dec  5 21:51:04 2024] Server Gracefully Shutdown
[Thu Dec  5 21:51:04 2024] Server Gracefully Shutdown
[Thu Dec  5 21:51:04 2024] Server Gracefully Shutdown
[Thu Dec  5 21:51:04 2024] Server Gracefully Shutdown
[Thu Dec  5 21:51:06 2024] Config server carregada.
[Thu Dec  5 21:51:06 2024] Servidor começou
[Thu Dec  5 21:51:06 2024] Boards carregados para memoria com sucesso
[Thu Dec  5 21:51:06 2024] A começar setup do socket de connecção
[Thu Dec  5 21:51:06 2024] Socket criado com sucesso. socket_fd: 3
[Thu Dec  5 21:51:06 2024] Socket deu bind com sucesso
[Thu Dec  5 21:51:06 2024] Server começou a ouvir conecções ao servidor
[Thu Dec  5 21:51:08 2024] Receiving new connection
[Thu Dec  5 21:51:08 2024] New Coop room created and first client connected
[Thu Dec  5 21:51:08 2024] Client has connected to room: room_0, with ID 1 and socket: 4
[Thu Dec  5 21:51:08 2024] Client handshake completed
[Thu Dec  5 21:51:09 2024] Receiving new connection
[Thu Dec  5 21:51:09 2024] Client has been assigned room_0, id: 1, socket: 7
[Thu Dec  5 21:51:11 2024] Receiving new connection
[Thu Dec  5 21:51:11 2024] Client has been assigned room_0, id: 2, socket: 6
[Thu Dec  5 21:56:34 2024] Server shutting down gracefully
[Thu Dec  5 21:56:34 2024] Server Gracefully Shutdown
[Thu Dec  5 21:56:35 2024] Config server carregada.
[Thu Dec  5 21:56:35 2024] Servidor começou
[Thu Dec  5 21:56:35 2024] Boards carregados para memoria com sucesso
[Thu Dec  5 21:56:35 2024] A começar setup do socket de connecção
[Thu Dec  5 21:56:35 2024] Socket criado com sucesso. socket_fd: 3
[Thu Dec  5 21:56:35 2024] Socket deu bind com sucesso
[Thu Dec  5 21:56:35 2024] Server começou a ouvir conecções ao servidor
[Thu Dec  5 21:56:36 2024] Receiving new connection
[Thu Dec  5 21:56:36 2024] New Coop room created and first client connected
[Thu Dec  5 21:56:36 2024] Client has connected to room: room_0, with ID 1 and socket: 4
[Thu Dec  5 21:56:36 2024] Client handshake completed
[Thu Dec  5 21:56:38 2024] Receiving new connection
[Thu Dec  5 21:56:38 2024] Client has been assigned room_0, id: 1, socket: 7
[Thu Dec  5 21:56:39 2024] Receiving new connection
[Thu Dec  5 21:56:39 2024] Client has been assigned room_0, id: 2, socket: 5
[Thu Dec  5 21:57:48 2024] Server shutting down gracefully
[Thu Dec  5 21:57:48 2024] Server Gracefully Shutdown
[Thu Dec  5 21:57:49 2024] Config server carregada.
[Thu Dec  5 21:57:49 2024] Servidor começou
[Thu Dec  5 21:57:49 2024] Boards carregados para memoria com sucesso
[Thu Dec  5 21:57:49 2024] A começar setup do socket de connecção
[Thu Dec  5 21:57:49 2024] Socket criado com sucesso. socket_fd: 3
[Thu Dec  5 21:57:49 2024] Socket deu bind com sucesso
[Thu Dec  5 21:57:49 2024] Server começou a ouvir conecções ao servidor
[Thu Dec  5 21:57:50 2024] Receiving new connection
[Thu Dec  5 21:57:50 2024] New Coop room created and first client connected
[Thu Dec  5 21:57:50 2024] Client has connected to room: room_0, with ID 1 and socket: 4
[Thu Dec  5 21:57:50 2024] Client handshake completed
[Thu Dec  5 21:57:53 2024] Receiving new connection
[Thu Dec  5 21:57:53 2024] Client has been assigned room_0, id: 1, socket: 6
[Thu Dec  5 21:57:54 2024] Receiving new connection
[Thu Dec  5 21:57:54 2024] Client has been assigned room_0, id: 2, socket: 7
[Thu Dec  5 21:58:12 2024] Server shutting down gracefully
[Thu Dec  5 21:58:12 2024] Server Gracefully Shutdown
[Thu Dec  5 21:58:48 2024] Config server carregada.
[Thu Dec  5 21:58:48 2024] Servidor começou
[Thu Dec  5 21:58:48 2024] Boards carregados para memoria com sucesso
[Thu Dec  5 21:58:48 2024] A começar setup do socket de connecção
[Thu Dec  5 21:58:48 2024] Socket criado com sucesso. socket_fd: 3
[Thu Dec  5 21:58:48 2024] Socket deu bind com sucesso
[Thu Dec  5 21:58:48 2024] Server começou a ouvir conecções ao servidor
[Thu Dec  5 21:58:50 2024] Receiving new connection
[Thu Dec  5 21:58:50 2024] New Coop room created and first client connected
[Thu Dec  5 21:58:50 2024] Client has connected to room: room_0, with ID 1 and socket: 4
[Thu Dec  5 21:58:50 2024] Client handshake completed
[Thu Dec  5 21:58:51 2024] Receiving new connection
[Thu Dec  5 21:58:51 2024] Client has been assigned room_0, id: 1, socket: 7
[Thu Dec  5 21:58:52 2024] Receiving new connection
[Thu Dec  5 21:58:52 2024] Client has been assigned room_0, id: 2, socket: 5
[Thu Dec  5 21:59:08 2024] Server shutting down gracefully
[Thu Dec  5 21:59:08 2024] Server Gracefully Shutdown
[Thu Dec  5 21:59:14 2024] Config server carregada.
[Thu Dec  5 21:59:14 2024] Servidor começou
[Thu Dec  5 21:59:14 2024] Boards carregados para memoria com sucesso
[Thu Dec  5 21:59:14 2024] A começar setup do socket de connecção
[Thu Dec  5 21:59:14 2024] Socket criado com sucesso. socket_fd: 3
[Thu Dec  5 21:59:14 2024] Socket deu bind com sucesso
[Thu Dec  5 21:59:14 2024] Server começou a ouvir conecções ao servidor
[Thu Dec  5 21:59:16 2024] Receiving new connection
[Thu Dec  5 21:59:16 2024] New Coop room created and first client connected
[Thu Dec  5 21:59:16 2024] Client has connected to room: room_0, with ID 1 and socket: 4
[Thu Dec  5 21:59:16 2024] Client handshake completed
[Thu Dec  5 21:59:18 2024] Receiving new connection
[Thu Dec  5 21:59:18 2024] Client has been assigned room_0, id: 1, socket: 6
[Thu Dec  5 21:59:19 2024] Receiving new connection
[Thu Dec  5 21:59:19 2024] Client has been assigned room_0, id: 2, socket: 7
[Thu Dec  5 21:59:46 2024] Server shutting down gracefully
[Thu Dec  5 21:59:46 2024] Server shutting down gracefully
[Thu Dec  5 21:59:46 2024] Server Gracefully Shutdown
[Thu Dec  5 21:59:46 2024] Server Gracefully Shutdown
[Thu Dec  5 22:00:22 2024] Config server carregada.
[Thu Dec  5 22:00:22 2024] Servidor começou
[Thu Dec  5 22:00:22 2024] Boards carregados para memoria com sucesso
[Thu Dec  5 22:00:22 2024] A começar setup do socket de connecção
[Thu Dec  5 22:00:22 2024] Socket criado com sucesso. socket_fd: 3
[Thu Dec  5 22:00:22 2024] Socket deu bind com sucesso
[Thu Dec  5 22:00:22 2024] Server começou a ouvir conecções ao servidor
[Thu Dec  5 22:00:23 2024] Receiving new connection
[Thu Dec  5 22:00:23 2024] New Coop room created and first client connected
[Thu Dec  5 22:00:23 2024] Client has connected to room: room_0, with ID 1 and socket: 4
[Thu Dec  5 22:00:23 2024] Client handshake completed
[Thu Dec  5 22:00:25 2024] Receiving new connection
[Thu Dec  5 22:00:25 2024] Client has been assigned room_0, id: 1, socket: 7
[Thu Dec  5 22:00:26 2024] Receiving new connection
[Thu Dec  5 22:00:26 2024] Client has been assigned room_0, id: 2, socket: 6
[Thu Dec  5 22:00:37 2024] Server shutting down gracefully
[Thu Dec  5 22:00:37 2024] Server Gracefully Shutdown
[Thu Dec  5 22:01:27 2024] Config server carregada.
[Thu Dec  5 22:01:27 2024] Servidor começou
[Thu Dec  5 22:01:27 2024] Boards carregados para memoria com sucesso
[Thu Dec  5 22:01:27 2024] A começar setup do socket de connecção
[Thu Dec  5 22:01:27 2024] Socket criado com sucesso. socket_fd: 3
[Thu Dec  5 22:01:27 2024] Socket deu bind com sucesso
[Thu Dec  5 22:01:27 2024] Server começou a ouvir conecções ao servidor
[Thu Dec  5 22:01:29 2024] Receiving new connection
[Thu Dec  5 22:01:29 2024] New Coop room created and first client connected
[Thu Dec  5 22:01:29 2024] Client has connected to room: room_0, with ID 1 and socket: 4
[Thu Dec  5 22:01:29 2024] Client handshake completed
[Thu Dec  5 22:01:30 2024] Receiving new connection
[Thu Dec  5 22:01:30 2024] Client has been assigned room_0, id: 1, socket: 6
[Thu Dec  5 22:01:31 2024] Receiving new connection
[Thu Dec  5 22:01:31 2024] Client has been assigned room_0, id: 2, socket: 7
[Thu Dec  5 22:02:43 2024] Server shutting down gracefully
[Thu Dec  5 22:02:43 2024] Server shutting down gracefully
[Thu Dec  5 22:02:43 2024] Server shutting down gracefully
[Thu Dec  5 22:02:43 2024] Server shutting down gracefully
[Thu Dec  5 22:02:43 2024] Server Gracefully Shutdown
[Thu Dec  5 22:02:43 2024] Server Gracefully Shutdown
[Thu Dec  5 22:02:43 2024] Server Gracefully Shutdown
[Thu Dec  5 22:02:43 2024] Server Gracefully Shutdown
[Thu Dec  5 22:02:45 2024] Config server carregada.
[Thu Dec  5 22:02:45 2024] Servidor começou
[Thu Dec  5 22:02:45 2024] Boards carregados para memoria com sucesso
[Thu Dec  5 22:02:45 2024] A começar setup do socket de connecção
[Thu Dec  5 22:02:45 2024] Socket criado com sucesso. socket_fd: 3
[Thu Dec  5 22:02:45 2024] Socket deu bind com sucesso
[Thu Dec  5 22:02:45 2024] Server começou a ouvir conecções ao servidor
[Thu Dec  5 22:02:47 2024] Receiving new connection
[Thu Dec  5 22:02:47 2024] New Coop room created and first client connected
[Thu Dec  5 22:02:47 2024] Client has connected to room: room_0, with ID 1 and socket: 4
[Thu Dec  5 22:02:47 2024] Client handshake completed
[Thu Dec  5 22:02:48 2024] Receiving new connection
[Thu Dec  5 22:02:48 2024] Client has been assigned room_0, id: 1, socket: 6
[Thu Dec  5 22:02:49 2024] Receiving new connection
[Thu Dec  5 22:02:49 2024] Client has been assigned room_0, id: 2, socket: 7
[Thu Dec  5 22:03:38 2024] Server shutting down gracefully
[Thu Dec  5 22:03:38 2024] Server shutting down gracefully
[Thu Dec  5 22:03:38 2024] Server shutting down gracefully
[Thu Dec  5 22:03:38 2024] Server shutting down gracefully
[Thu Dec  5 22:03:38 2024] Server Gracefully Shutdown
[Thu Dec  5 22:03:38 2024] Server Gracefully Shutdown
[Thu Dec  5 22:03:38 2024] Server Gracefully Shutdown
[Thu Dec  5 22:03:38 2024] Server Gracefully Shutdown
[Thu Dec  5 22:03:40 2024] Config server carregada.
[Thu Dec  5 22:03:40 2024] Servidor começou
[Thu Dec  5 22:03:40 2024] Boards carregados para memoria com sucesso
[Thu Dec  5 22:03:40 2024] A começar setup do socket de connecção
[Thu Dec  5 22:03:40 2024] Socket criado com sucesso. socket_fd: 3
[Thu Dec  5 22:03:40 2024] Socket deu bind com sucesso
[Thu Dec  5 22:03:40 2024] Server começou a ouvir conecções ao servidor
[Thu Dec  5 22:03:41 2024] Receiving new connection
[Thu Dec  5 22:03:41 2024] New Coop room created and first client connected
[Thu Dec  5 22:03:41 2024] Client has connected to room: room_0, with ID 1 and socket: 4
[Thu Dec  5 22:03:41 2024] Client handshake completed
[Thu Dec  5 22:03:43 2024] Receiving new connection
[Thu Dec  5 22:03:43 2024] Client has been assigned room_0, id: 1, socket: 6
[Thu Dec  5 22:03:44 2024] Receiving new connection
[Thu Dec  5 22:03:44 2024] Client has been assigned room_0, id: 2, socket: 7
[Thu Dec  5 22:04:10 2024] Server shutting down gracefully
[Thu Dec  5 22:04:10 2024] Server shutting down gracefully
[Thu Dec  5 22:04:10 2024] Server shutting down gracefully
[Thu Dec  5 22:04:10 2024] Server Gracefully Shutdown
[Thu Dec  5 22:04:10 2024] Server Gracefully Shutdown
[Thu Dec  5 22:04:10 2024] Server Gracefully Shutdown
[Thu Dec  5 22:04:11 2024] Config server carregada.
[Thu Dec  5 22:04:11 2024] Servidor começou
[Thu Dec  5 22:04:11 2024] Boards carregados para memoria com sucesso
[Thu Dec  5 22:04:11 2024] A começar setup do socket de connecção
[Thu Dec  5 22:04:11 2024] Socket criado com sucesso. socket_fd: 3
[Thu Dec  5 22:04:11 2024] Socket deu bind com sucesso
[Thu Dec  5 22:04:11 2024] Server começou a ouvir conecções ao servidor
[Thu Dec  5 22:04:12 2024] Receiving new connection
[Thu Dec  5 22:04:12 2024] New Coop room created and first client connected
[Thu Dec  5 22:04:12 2024] Client has connected to room: room_0, with ID 1 and socket: 4
[Thu Dec  5 22:04:12 2024] Client handshake completed
[Thu Dec  5 22:04:13 2024] Receiving new connection
[Thu Dec  5 22:04:13 2024] Client has been assigned room_0, id: 1, socket: 6
[Thu Dec  5 22:04:14 2024] Receiving new connection
[Thu Dec  5 22:04:14 2024] Client has been assigned room_0, id: 2, socket: 7
[Thu Dec  5 22:05:28 2024] Server shutting down gracefully
[Thu Dec  5 22:05:28 2024] Server shutting down gracefully
[Thu Dec  5 22:05:28 2024] Server shutting down gracefully
[Thu Dec  5 22:05:28 2024] Server Gracefully Shutdown
[Thu Dec  5 22:05:28 2024] Server Gracefully Shutdown
[Thu Dec  5 22:05:28 2024] Server Gracefully Shutdown
[Thu Dec  5 22:05:29 2024] Config server carregada.
[Thu Dec  5 22:05:29 2024] Servidor começou
[Thu Dec  5 22:05:29 2024] Boards carregados para memoria com sucesso
[Thu Dec  5 22:05:29 2024] A começar setup do socket de connecção
[Thu Dec  5 22:05:29 2024] Socket criado com sucesso. socket_fd: 3
[Thu Dec  5 22:05:29 2024] Socket deu bind com sucesso
[Thu Dec  5 22:05:29 2024] Server começou a ouvir conecções ao servidor
[Thu Dec  5 22:05:30 2024] Receiving new connection
[Thu Dec  5 22:05:30 2024] New Coop room created and first client connected
[Thu Dec  5 22:05:30 2024] Client has connected to room: room_0, with ID 1 and socket: 4
[Thu Dec  5 22:05:30 2024] Client handshake completed
[Thu Dec  5 22:05:32 2024] Receiving new connection
[Thu Dec  5 22:05:32 2024] Client has been assigned room_0, id: 1, socket: 5
[Thu Dec  5 22:05:33 2024] Receiving new connection
[Thu Dec  5 22:05:33 2024] Client has been assigned room_0, id: 2, socket: 7
[Thu Dec  5 22:05:52 2024] Server shutting down gracefully
[Thu Dec  5 22:05:52 2024] Server shutting down gracefully
[Thu Dec  5 22:05:52 2024] Server shutting down gracefully
[Thu Dec  5 22:05:52 2024] Server Gracefully Shutdown
[Thu Dec  5 22:05:52 2024] Server Gracefully Shutdown
[Thu Dec  5 22:05:52 2024] Server Gracefully Shutdown
[Thu Dec  5 22:07:46 2024] Config server carregada.
[Thu Dec  5 22:07:46 2024] Servidor começou
[Thu Dec  5 22:07:46 2024] Boards carregados para memoria com sucesso
[Thu Dec  5 22:07:46 2024] A começar setup do socket de connecção
[Thu Dec  5 22:07:46 2024] Socket criado com sucesso. socket_fd: 3
[Thu Dec  5 22:07:46 2024] Socket deu bind com sucesso
[Thu Dec  5 22:07:46 2024] Server começou a ouvir conecções ao servidor
[Thu Dec  5 22:07:48 2024] Receiving new connection
[Thu Dec  5 22:07:48 2024] New Coop room created and first client connected
[Thu Dec  5 22:07:48 2024] Client has connected to room: room_0, with ID 1 and socket: 4
[Thu Dec  5 22:07:48 2024] Client handshake completed
[Thu Dec  5 22:07:49 2024] Receiving new connection
[Thu Dec  5 22:07:49 2024] Client has been assigned room_0, id: 1, socket: 6
[Thu Dec  5 22:07:50 2024] Receiving new connection
[Thu Dec  5 22:07:50 2024] Client has been assigned room_0, id: 2, socket: 7
[Thu Dec  5 22:09:33 2024] Server shutting down gracefully
[Thu Dec  5 22:09:33 2024] Server shutting down gracefully
[Thu Dec  5 22:09:33 2024] Server Gracefully Shutdown
[Thu Dec  5 22:09:33 2024] Server Gracefully Shutdown
[Thu Dec  5 22:09:34 2024] Config server carregada.
[Thu Dec  5 22:09:34 2024] Servidor começou
[Thu Dec  5 22:09:34 2024] Boards carregados para memoria com sucesso
[Thu Dec  5 22:09:34 2024] A começar setup do socket de connecção
[Thu Dec  5 22:09:34 2024] Socket criado com sucesso. socket_fd: 3
[Thu Dec  5 22:09:34 2024] Socket deu bind com sucesso
[Thu Dec  5 22:09:34 2024] Server começou a ouvir conecções ao servidor
[Thu Dec  5 22:09:35 2024] Receiving new connection
[Thu Dec  5 22:09:35 2024] New Coop room created and first client connected
[Thu Dec  5 22:09:35 2024] Client has connected to room: room_0, with ID 1 and socket: 4
[Thu Dec  5 22:09:35 2024] Client handshake completed
[Thu Dec  5 22:09:37 2024] Receiving new connection
[Thu Dec  5 22:09:37 2024] Client has been assigned room_0, id: 1, socket: 5
[Thu Dec  5 22:09:38 2024] Receiving new connection
[Thu Dec  5 22:09:38 2024] Client has been assigned room_0, id: 2, socket: 7
[Thu Dec  5 22:10:03 2024] Server shutting down gracefully
[Thu Dec  5 22:10:03 2024] Server Gracefully Shutdown
[Thu Dec  5 22:10:36 2024] Config server carregada.
[Thu Dec  5 22:10:36 2024] Servidor começou
[Thu Dec  5 22:10:36 2024] Boards carregados para memoria com sucesso
[Thu Dec  5 22:10:36 2024] A começar setup do socket de connecção
[Thu Dec  5 22:10:36 2024] Socket criado com sucesso. socket_fd: 3
[Thu Dec  5 22:10:36 2024] Socket deu bind com sucesso
[Thu Dec  5 22:10:36 2024] Server começou a ouvir conecções ao servidor
[Thu Dec  5 22:11:23 2024] Receiving new connection
[Thu Dec  5 22:11:23 2024] New Coop room created and first client connected
[Thu Dec  5 22:11:23 2024] Client has connected to room: room_0, with ID 1 and socket: 4
[Thu Dec  5 22:11:23 2024] Client handshake completed
[Thu Dec  5 22:11:24 2024] Receiving new connection
[Thu Dec  5 22:11:24 2024] Client has been assigned room_0, id: 1, socket: 6
[Thu Dec  5 22:11:26 2024] Receiving new connection
[Thu Dec  5 22:11:26 2024] Client has been assigned room_0, id: 2, socket: 7
[Thu Dec  5 22:11:30 2024] Receiving new connection
[Thu Dec  5 22:11:30 2024] New Ranked room created and first client connected
[Thu Dec  5 22:11:30 2024] Client has connected to room: room_1, with ID 1 and socket: 8
[Thu Dec  5 22:11:30 2024] Client handshake completed
[Thu Dec  5 22:11:38 2024] Receiving new connection
[Thu Dec  5 22:11:38 2024] New Casual room created and first client connected
[Thu Dec  5 22:11:38 2024] Client has connected to room: room_2, with ID 1 and socket: 10
[Thu Dec  5 22:11:38 2024] Client handshake completed
[Thu Dec  5 22:11:52 2024] Receiving new connection
[Thu Dec  5 22:11:52 2024] Client has been assigned room_1, id: 1, socket: 13
[Thu Dec  5 22:12:00 2024] Receiving new connection
[Thu Dec  5 22:12:00 2024] Client has been assigned room_1, id: 2, socket: 11
[Thu Dec  5 22:12:20 2024] Receiving new connection
[Thu Dec  5 22:12:20 2024] Client has been assigned room_2, id: 1, socket: 14
[Thu Dec  5 22:12:53 2024] Receiving new connection
[Thu Dec  5 22:12:53 2024] Client has been assigned room_2, id: 2, socket: 15
[Thu Dec  5 22:13:22 2024] Server shutting down gracefully
[Thu Dec  5 22:13:22 2024] Server shutting down gracefully
[Thu Dec  5 22:13:22 2024] Server shutting down gracefully
[Thu Dec  5 22:13:22 2024] Server shutting down gracefully
[Thu Dec  5 22:13:22 2024] Server shutting down gracefully
[Thu Dec  5 22:13:22 2024] Server shutting down gracefully
[Thu Dec  5 22:13:22 2024] Server Gracefully Shutdown
[Thu Dec  5 22:13:22 2024] Server Gracefully Shutdown
[Thu Dec  5 22:13:22 2024] Server Gracefully Shutdown
[Thu Dec  5 22:13:22 2024] Server Gracefully Shutdown
[Thu Dec  5 22:13:22 2024] Server Gracefully Shutdown
[Thu Dec  5 22:13:22 2024] Server Gracefully Shutdown
[Thu Dec  5 22:13:34 2024] Config server carregada.
[Thu Dec  5 22:13:34 2024] Servidor começou
[Thu Dec  5 22:13:34 2024] Boards carregados para memoria com sucesso
[Thu Dec  5 22:13:34 2024] A começar setup do socket de connecção
[Thu Dec  5 22:13:34 2024] Socket criado com sucesso. socket_fd: 3
[Thu Dec  5 22:13:34 2024] Socket deu bind com sucesso
[Thu Dec  5 22:13:34 2024] Server começou a ouvir conecções ao servidor
[Thu Dec  5 22:13:35 2024] Receiving new connection
[Thu Dec  5 22:13:35 2024] New Coop room created and first client connected
[Thu Dec  5 22:13:35 2024] Client has connected to room: room_0, with ID 1 and socket: 4
[Thu Dec  5 22:13:35 2024] Client handshake completed
[Thu Dec  5 22:13:38 2024] Receiving new connection
[Thu Dec  5 22:13:38 2024] Client has been assigned room_0, id: 1, socket: 7
[Thu Dec  5 22:13:39 2024] Receiving new connection
[Thu Dec  5 22:13:39 2024] Client has been assigned room_0, id: 2, socket: 5
[Thu Dec  5 22:13:42 2024] Receiving new connection
[Thu Dec  5 22:13:42 2024] New Ranked room created and first client connected
[Thu Dec  5 22:13:42 2024] Client has connected to room: room_1, with ID 1 and socket: 8
[Thu Dec  5 22:13:42 2024] Client handshake completed
[Thu Dec  5 22:13:43 2024] Receiving new connection
[Thu Dec  5 22:13:43 2024] Client has been assigned room_1, id: 1, socket: 11
[Thu Dec  5 22:13:46 2024] Receiving new connection
[Thu Dec  5 22:13:46 2024] New Casual room created and first client connected
[Thu Dec  5 22:13:46 2024] Client has connected to room: room_2, with ID 1 and socket: 9
[Thu Dec  5 22:13:46 2024] Client handshake completed
[Thu Dec  5 22:13:47 2024] Receiving new connection
[Thu Dec  5 22:13:47 2024] Client has been assigned room_2, id: 1, socket: 14
[Thu Dec  5 22:13:49 2024] Receiving new connection
[Thu Dec  5 22:13:49 2024] Client has been assigned room_2, id: 2, socket: 12
[Thu Dec  5 22:13:57 2024] Receiving new connection
[Thu Dec  5 22:13:57 2024] Client has been assigned room_1, id: 2, socket: 15
[Thu Dec  5 22:14:51 2024] Server shutting down gracefully
[Thu Dec  5 22:14:51 2024] Server shutting down gracefully
[Thu Dec  5 22:14:51 2024] Server shutting down gracefully
[Thu Dec  5 22:14:51 2024] Server shutting down gracefully
[Thu Dec  5 22:14:51 2024] Server shutting down gracefully
[Thu Dec  5 22:14:51 2024] Server Gracefully Shutdown
[Thu Dec  5 22:14:51 2024] Server Gracefully Shutdown
[Thu Dec  5 22:14:51 2024] Server Gracefully Shutdown
[Thu Dec  5 22:14:51 2024] Server Gracefully Shutdown
[Thu Dec  5 22:14:51 2024] Server Gracefully Shutdown
[Thu Dec  5 22:22:36 2024] Config server carregada.
[Thu Dec  5 22:22:36 2024] Servidor começou
[Thu Dec  5 22:22:36 2024] Boards carregados para memoria com sucesso
[Thu Dec  5 22:22:36 2024] A começar setup do socket de connecção
[Thu Dec  5 22:22:36 2024] Socket criado com sucesso. socket_fd: 3
[Thu Dec  5 22:22:36 2024] Socket deu bind com sucesso
[Thu Dec  5 22:22:36 2024] Server começou a ouvir conecções ao servidor
[Thu Dec  5 22:22:43 2024] Receiving new connection
[Thu Dec  5 22:22:43 2024] New Singleplayer room created and first client connected
[Thu Dec  5 22:22:43 2024] Client has connected to room: room_0, with ID 1 and socket: 4
[Thu Dec  5 22:22:43 2024] Client handshake completed
[Thu Dec  5 22:23:12 2024] Receiving new connection
[Thu Dec  5 22:23:12 2024] New Ranked room created and first client connected
[Thu Dec  5 22:23:12 2024] Client has connected to room: room_1, with ID 1 and socket: 7
[Thu Dec  5 22:23:12 2024] Client handshake completed
[Thu Dec  5 22:23:13 2024] Receiving new connection
[Thu Dec  5 22:23:13 2024] Client has been assigned room_1, id: 1, socket: 9
[Thu Dec  5 22:23:13 2024] Receiving new connection
[Thu Dec  5 22:23:13 2024] Client has been assigned room_1, id: 2, socket: 8
[Thu Dec  5 22:23:39 2024] Config server carregada.
[Thu Dec  5 22:23:39 2024] Servidor começou
[Thu Dec  5 22:23:39 2024] Boards carregados para memoria com sucesso
[Thu Dec  5 22:23:39 2024] A começar setup do socket de connecção
[Thu Dec  5 22:23:39 2024] Socket criado com sucesso. socket_fd: 3
[Thu Dec  5 22:23:39 2024] Socket deu bind com sucesso
[Thu Dec  5 22:23:39 2024] Server começou a ouvir conecções ao servidor
[Thu Dec  5 22:23:41 2024] Receiving new connection
[Thu Dec  5 22:23:41 2024] New Casual room created and first client connected
[Thu Dec  5 22:23:41 2024] Client has connected to room: room_0, with ID 1 and socket: 4
[Thu Dec  5 22:23:41 2024] Client handshake completed
[Thu Dec  5 22:23:43 2024] Receiving new connection
[Thu Dec  5 22:23:43 2024] Client has been assigned room_0, id: 1, socket: 6
[Thu Dec  5 22:23:46 2024] Receiving new connection
[Thu Dec  5 22:23:46 2024] Client has been assigned room_0, id: 2, socket: 7
[Thu Dec  5 22:40:46 2024] Server shutting down gracefully
[Thu Dec  5 22:40:46 2024] Server shutting down gracefully
[Thu Dec  5 22:40:46 2024] Server shutting down gracefully
[Thu Dec  5 22:40:46 2024] Server Gracefully Shutdown
[Thu Dec  5 22:40:46 2024] Server Gracefully Shutdown
[Thu Dec  5 22:40:46 2024] Server Gracefully Shutdown
[Thu Dec  5 22:40:47 2024] Config server carregada.
[Thu Dec  5 22:40:47 2024] Servidor começou
[Thu Dec  5 22:40:47 2024] Boards carregados para memoria com sucesso
[Thu Dec  5 22:40:47 2024] A começar setup do socket de connecção
[Thu Dec  5 22:40:47 2024] Socket criado com sucesso. socket_fd: 3
[Thu Dec  5 22:40:47 2024] Socket deu bind com sucesso
[Thu Dec  5 22:40:47 2024] Server começou a ouvir conecções ao servidor
[Thu Dec  5 22:40:49 2024] Receiving new connection
[Thu Dec  5 22:40:49 2024] New Casual room created and first client connected
[Thu Dec  5 22:40:49 2024] Client has connected to room: room_0, with ID 1 and socket: 4
[Thu Dec  5 22:40:49 2024] Client handshake completed
[Thu Dec  5 22:40:50 2024] Receiving new connection
[Thu Dec  5 22:40:50 2024] Client has been assigned room_0, id: 1, socket: 6
[Thu Dec  5 22:40:52 2024] Receiving new connection
[Thu Dec  5 22:40:52 2024] Client has been assigned room_0, id: 2, socket: 7
[Thu Dec  5 22:40:56 2024] Server shutting down gracefully
[Thu Dec  5 22:40:56 2024] Server shutting down gracefully
[Thu Dec  5 22:40:56 2024] Server shutting down gracefully
[Thu Dec  5 22:40:56 2024] Server Gracefully Shutdown
[Thu Dec  5 22:40:56 2024] Server Gracefully Shutdown
[Thu Dec  5 22:40:56 2024] Server Gracefully Shutdown
[Thu Dec  5 22:41:24 2024] Config server carregada.
[Thu Dec  5 22:41:24 2024] Servidor começou
[Thu Dec  5 22:41:24 2024] Boards carregados para memoria com sucesso
[Thu Dec  5 22:41:24 2024] A começar setup do socket de connecção
[Thu Dec  5 22:41:24 2024] Socket criado com sucesso. socket_fd: 3
[Thu Dec  5 22:41:24 2024] Socket deu bind com sucesso
[Thu Dec  5 22:41:24 2024] Server começou a ouvir conecções ao servidor
[Thu Dec  5 22:41:26 2024] Receiving new connection
[Thu Dec  5 22:41:26 2024] New Casual room created and first client connected
[Thu Dec  5 22:41:26 2024] Client has connected to room: room_0, with ID 1 and socket: 4
[Thu Dec  5 22:41:26 2024] Client handshake completed
[Thu Dec  5 22:41:28 2024] Receiving new connection
[Thu Dec  5 22:41:28 2024] Client has been assigned room_0, id: 1, socket: 7
[Thu Dec  5 22:41:29 2024] Receiving new connection
[Thu Dec  5 22:41:29 2024] Client has been assigned room_0, id: 2, socket: 5
[Thu Dec  5 22:41:31 2024] Server shutting down gracefully
[Thu Dec  5 22:41:31 2024] Server shutting down gracefully
[Thu Dec  5 22:41:31 2024] Server shutting down gracefully
[Thu Dec  5 22:41:31 2024] Server shutting down gracefully
[Thu Dec  5 22:41:31 2024] Server Gracefully Shutdown
[Thu Dec  5 22:41:31 2024] Server Gracefully Shutdown
[Thu Dec  5 22:41:31 2024] Server Gracefully Shutdown
[Thu Dec  5 22:41:31 2024] Server Gracefully Shutdown
[Thu Dec  5 22:43:02 2024] Config server carregada.
[Thu Dec  5 22:43:02 2024] Servidor começou
[Thu Dec  5 22:43:02 2024] Boards carregados para memoria com sucesso
[Thu Dec  5 22:43:02 2024] A começar setup do socket de connecção
[Thu Dec  5 22:43:02 2024] Socket criado com sucesso. socket_fd: 3
[Thu Dec  5 22:43:02 2024] Socket deu bind com sucesso
[Thu Dec  5 22:43:02 2024] Server começou a ouvir conecções ao servidor
[Thu Dec  5 22:43:04 2024] Receiving new connection
[Thu Dec  5 22:43:04 2024] New Casual room created and first client connected
[Thu Dec  5 22:43:04 2024] Client has connected to room: room_0, with ID 1 and socket: 4
[Thu Dec  5 22:43:04 2024] Client handshake completed
[Thu Dec  5 22:43:06 2024] Receiving new connection
[Thu Dec  5 22:43:06 2024] Client has been assigned room_0, id: 1, socket: 7
[Thu Dec  5 22:43:11 2024] Server shutting down gracefully
[Thu Dec  5 22:43:11 2024] Server Gracefully Shutdown
[Thu Dec  5 22:43:13 2024] Config server carregada.
[Thu Dec  5 22:43:13 2024] Servidor começou
[Thu Dec  5 22:43:13 2024] Boards carregados para memoria com sucesso
[Thu Dec  5 22:43:13 2024] A começar setup do socket de connecção
[Thu Dec  5 22:43:13 2024] Socket criado com sucesso. socket_fd: 3
[Thu Dec  5 22:43:13 2024] Socket deu bind com sucesso
[Thu Dec  5 22:43:13 2024] Server começou a ouvir conecções ao servidor
[Thu Dec  5 22:43:14 2024] Receiving new connection
[Thu Dec  5 22:43:14 2024] New Casual room created and first client connected
[Thu Dec  5 22:43:14 2024] Client has connected to room: room_0, with ID 1 and socket: 4
[Thu Dec  5 22:43:14 2024] Client handshake completed
[Thu Dec  5 22:43:16 2024] Receiving new connection
[Thu Dec  5 22:43:16 2024] Client has been assigned room_0, id: 1, socket: 7
[Thu Dec  5 22:43:17 2024] Receiving new connection
[Thu Dec  5 22:43:17 2024] Client has been assigned room_0, id: 2, socket: 6
[Thu Dec  5 22:43:26 2024] Server shutting down gracefully
[Thu Dec  5 22:43:26 2024] Server Gracefully Shutdown
[Thu Dec  5 22:43:30 2024] Config server carregada.
[Thu Dec  5 22:43:30 2024] Servidor começou
[Thu Dec  5 22:43:30 2024] Boards carregados para memoria com sucesso
[Thu Dec  5 22:43:30 2024] A começar setup do socket de connecção
[Thu Dec  5 22:43:30 2024] Socket criado com sucesso. socket_fd: 3
[Thu Dec  5 22:43:30 2024] Socket deu bind com sucesso
[Thu Dec  5 22:43:30 2024] Server começou a ouvir conecções ao servidor
[Thu Dec  5 22:43:32 2024] Receiving new connection
[Thu Dec  5 22:43:32 2024] New Casual room created and first client connected
[Thu Dec  5 22:43:32 2024] Client has connected to room: room_0, with ID 1 and socket: 4
[Thu Dec  5 22:43:32 2024] Client handshake completed
[Thu Dec  5 22:43:33 2024] Receiving new connection
[Thu Dec  5 22:43:33 2024] Client has been assigned room_0, id: 1, socket: 7
[Thu Dec  5 22:43:34 2024] Receiving new connection
[Thu Dec  5 22:43:34 2024] Client has been assigned room_0, id: 2, socket: 6
[Thu Dec  5 22:43:41 2024] Server shutting down gracefully
[Thu Dec  5 22:43:41 2024] Server Gracefully Shutdown
[Thu Dec  5 22:46:32 2024] Config server carregada.
[Thu Dec  5 22:46:32 2024] Servidor começou
[Thu Dec  5 22:46:32 2024] Boards carregados para memoria com sucesso
[Thu Dec  5 22:46:32 2024] A começar setup do socket de connecção
[Thu Dec  5 22:46:32 2024] Socket criado com sucesso. socket_fd: 3
[Thu Dec  5 22:46:32 2024] Socket deu bind com sucesso
[Thu Dec  5 22:46:32 2024] Server começou a ouvir conecções ao servidor
[Thu Dec  5 22:46:33 2024] Receiving new connection
[Thu Dec  5 22:46:33 2024] New room created and first client connected
[Thu Dec  5 22:46:34 2024] Receiving new connection
[Thu Dec  5 22:46:34 2024] Client assigned to room
[Thu Dec  5 22:46:39 2024] Receiving new connection
[Thu Dec  5 22:46:39 2024] Client assigned to room
[Thu Dec  5 22:46:45 2024] Server shutting down gracefully
[Thu Dec  5 22:46:45 2024] Server Gracefully Shutdown
[Thu Dec  5 22:47:07 2024] Config server carregada.
[Thu Dec  5 22:47:07 2024] Servidor começou
[Thu Dec  5 22:47:07 2024] Boards carregados para memoria com sucesso
[Thu Dec  5 22:47:07 2024] A começar setup do socket de connecção
[Thu Dec  5 22:47:07 2024] Socket criado com sucesso. socket_fd: 3
[Thu Dec  5 22:47:07 2024] Socket deu bind com sucesso
[Thu Dec  5 22:47:07 2024] Server começou a ouvir conecções ao servidor
[Thu Dec  5 22:47:09 2024] Receiving new connection
[Thu Dec  5 22:47:09 2024] New Casual room created and first client connected
[Thu Dec  5 22:47:09 2024] Client has connected to room: room_0, with ID 1 and socket: 4
[Thu Dec  5 22:47:09 2024] Client handshake completed
[Thu Dec  5 22:47:10 2024] Receiving new connection
[Thu Dec  5 22:47:10 2024] Client has been assigned room_0, id: 1, socket: 7
[Thu Dec  5 22:47:11 2024] Receiving new connection
[Thu Dec  5 22:47:11 2024] Client has been assigned room_0, id: 2, socket: 5
[Thu Dec  5 22:47:18 2024] Server shutting down gracefully
[Thu Dec  5 22:47:18 2024] Server Gracefully Shutdown
[Thu Dec  5 22:50:27 2024] Config server carregada.
[Thu Dec  5 22:50:27 2024] Servidor começou
[Thu Dec  5 22:50:27 2024] Boards carregados para memoria com sucesso
[Thu Dec  5 22:50:27 2024] A começar setup do socket de connecção
[Thu Dec  5 22:50:27 2024] Socket criado com sucesso. socket_fd: 3
[Thu Dec  5 22:50:27 2024] Socket deu bind com sucesso
[Thu Dec  5 22:50:27 2024] Server começou a ouvir conecções ao servidor
[Thu Dec  5 22:50:28 2024] Receiving new connection
[Thu Dec  5 22:50:28 2024] New Casual room created and first client connected
[Thu Dec  5 22:50:28 2024] Client connected to room: room_0, with ID: 1, Socket: 4
[Thu Dec  5 22:50:28 2024] Client handshake completed
[Thu Dec  5 22:50:31 2024] Receiving new connection
[Thu Dec  5 22:50:31 2024] Client assigned to room: room_0, ID: 1, Socket: 7
[Thu Dec  5 22:50:32 2024] Receiving new connection
[Thu Dec  5 22:50:32 2024] Client assigned to room: room_0, ID: 2, Socket: 6
[Thu Dec  5 22:50:38 2024] Receiving new connection
[Thu Dec  5 22:50:38 2024] New Ranked room created and first client connected
[Thu Dec  5 22:50:38 2024] Client connected to room: room_1, with ID: 1, Socket: 8
[Thu Dec  5 22:50:38 2024] Client handshake completed
[Thu Dec  5 22:50:40 2024] Receiving new connection
[Thu Dec  5 22:50:40 2024] Client assigned to room: room_1, ID: 1, Socket: 11
[Thu Dec  5 22:50:42 2024] Receiving new connection
[Thu Dec  5 22:50:42 2024] Client assigned to room: room_1, ID: 2, Socket: 9
[Thu Dec  5 22:50:51 2024] Receiving new connection
[Thu Dec  5 22:50:51 2024] New Singleplayer room created and first client connected
[Thu Dec  5 22:50:51 2024] Client connected to room: room_2, with ID: 1, Socket: 12
[Thu Dec  5 22:50:51 2024] Client handshake completed
[Thu Dec  5 22:50:53 2024] Receiving new connection
[Thu Dec  5 22:50:53 2024] New Singleplayer room created and first client connected
[Thu Dec  5 22:50:53 2024] Client connected to room: room_3, with ID: 1, Socket: 13
[Thu Dec  5 22:50:53 2024] Client handshake completed
[Thu Dec  5 22:50:57 2024] Receiving new connection
[Thu Dec  5 22:50:57 2024] New Singleplayer room created and first client connected
[Thu Dec  5 22:50:57 2024] Client connected to room: room_4, with ID: 1, Socket: 17
[Thu Dec  5 22:50:57 2024] Client handshake completed
[Thu Dec  5 22:51:08 2024] Receiving new connection
[Thu Dec  5 22:51:08 2024] New Coop room created and first client connected
[Thu Dec  5 22:51:08 2024] Client connected to room: room_5, with ID: 1, Socket: 19
[Thu Dec  5 22:51:08 2024] Client handshake completed
[Thu Dec  5 22:51:10 2024] Receiving new connection
[Thu Dec  5 22:51:10 2024] Client assigned to room: room_5, ID: 1, Socket: 20
[Thu Dec  5 22:51:12 2024] Receiving new connection
[Thu Dec  5 22:51:12 2024] Client assigned to room: room_5, ID: 2, Socket: 21
[Thu Dec  5 22:51:50 2024] Server shutting down gracefully
[Thu Dec  5 22:51:50 2024] Server Gracefully Shutdown
[Thu Dec  5 22:57:03 2024] Config server carregada.
[Thu Dec  5 22:57:03 2024] Servidor começou
[Thu Dec  5 22:57:03 2024] Boards carregados para memoria com sucesso
[Thu Dec  5 22:57:03 2024] A começar setup do socket de connecção
[Thu Dec  5 22:57:03 2024] Socket criado com sucesso. socket_fd: 3
[Thu Dec  5 22:57:03 2024] Socket deu bind com sucesso
[Thu Dec  5 22:57:03 2024] Server começou a ouvir conecções ao servidor
[Thu Dec  5 22:57:06 2024] Receiving new connection
[Thu Dec  5 22:57:06 2024] New Singleplayer room created and first client connected
[Thu Dec  5 22:57:06 2024] Client connected to room: room_0, with ID: 1, Socket: 4
[Thu Dec  5 22:57:06 2024] Client handshake completed
[Thu Dec  5 22:57:09 2024] Receiving new connection
[Thu Dec  5 22:57:09 2024] New Ranked room created and first client connected
[Thu Dec  5 22:57:09 2024] Client connected to room: room_1, with ID: 1, Socket: 6
[Thu Dec  5 22:57:09 2024] Client handshake completed
[Thu Dec  5 22:57:11 2024] Receiving new connection
[Thu Dec  5 22:57:11 2024] Client assigned to room: room_1, ID: 1, Socket: 9
[Thu Dec  5 22:57:15 2024] Receiving new connection
[Thu Dec  5 22:57:15 2024] Client assigned to room: room_1, ID: 2, Socket: 7
[Thu Dec  5 22:57:22 2024] Server shutting down gracefully
[Thu Dec  5 22:57:22 2024] Server Gracefully Shutdown
[Thu Dec  5 23:00:21 2024] Config server carregada.
[Thu Dec  5 23:00:21 2024] Servidor começou
[Thu Dec  5 23:00:21 2024] Boards carregados para memoria com sucesso
[Thu Dec  5 23:00:21 2024] A começar setup do socket de connecção
[Thu Dec  5 23:00:21 2024] Socket criado com sucesso. socket_fd: 3
[Thu Dec  5 23:00:21 2024] Socket deu bind com sucesso
[Thu Dec  5 23:00:21 2024] Server começou a ouvir conecções ao servidor
[Thu Dec  5 23:00:22 2024] Receiving new connection
[Thu Dec  5 23:00:22 2024] New Ranked room created and first client connected
[Thu Dec  5 23:00:22 2024] Client connected to room: room_0, with ID: 1, Socket: 4
[Thu Dec  5 23:00:22 2024] Client handshake completed
[Thu Dec  5 23:00:24 2024] Receiving new connection
[Thu Dec  5 23:00:24 2024] Client assigned to room: room_0, ID: 1, Socket: 7
[Thu Dec  5 23:00:25 2024] Receiving new connection
[Thu Dec  5 23:00:25 2024] Client assigned to room: room_0, ID: 2, Socket: 6
[Thu Dec  5 23:00:35 2024] Receiving new connection
[Thu Dec  5 23:00:35 2024] New Ranked room created and first client connected
[Thu Dec  5 23:00:35 2024] Client connected to room: room_1, with ID: 1, Socket: 8
[Thu Dec  5 23:00:35 2024] Client handshake completed
[Thu Dec  5 23:00:40 2024] Receiving new connection
[Thu Dec  5 23:00:40 2024] Client assigned to room: room_1, ID: 1, Socket: 11
[Thu Dec  5 23:00:41 2024] Receiving new connection
[Thu Dec  5 23:00:41 2024] Client assigned to room: room_1, ID: 2, Socket: 10
[Thu Dec  5 23:04:05 2024] Server shutting down gracefully
[Thu Dec  5 23:04:05 2024] Server Gracefully Shutdown
[Thu Dec  5 23:04:06 2024] Config server carregada.
[Thu Dec  5 23:04:06 2024] Servidor começou
[Thu Dec  5 23:04:06 2024] Boards carregados para memoria com sucesso
[Thu Dec  5 23:04:06 2024] A começar setup do socket de connecção
[Thu Dec  5 23:04:06 2024] Socket criado com sucesso. socket_fd: 3
[Thu Dec  5 23:04:06 2024] Socket deu bind com sucesso
[Thu Dec  5 23:04:06 2024] Server começou a ouvir conecções ao servidor
[Thu Dec  5 23:04:09 2024] Receiving new connection
[Thu Dec  5 23:04:09 2024] New Casual room created and first client connected
[Thu Dec  5 23:04:09 2024] Client connected to room: room_0, with ID: 1, Socket: 4
[Thu Dec  5 23:04:09 2024] Client handshake completed
[Thu Dec  5 23:04:12 2024] Receiving new connection
[Thu Dec  5 23:04:12 2024] Client assigned to room: room_0, ID: 1, Socket: 5
[Thu Dec  5 23:04:14 2024] Receiving new connection
[Thu Dec  5 23:04:14 2024] Client assigned to room: room_0, ID: 2, Socket: 7
[Thu Dec  5 23:04:32 2024] Receiving new connection
[Thu Dec  5 23:04:32 2024] New Casual room created and first client connected
[Thu Dec  5 23:04:32 2024] Client connected to room: room_1, with ID: 1, Socket: 8
[Thu Dec  5 23:04:32 2024] Client handshake completed
[Thu Dec  5 23:04:33 2024] Receiving new connection
[Thu Dec  5 23:04:33 2024] Client assigned to room: room_1, ID: 1, Socket: 11
[Thu Dec  5 23:04:35 2024] Receiving new connection
[Thu Dec  5 23:04:35 2024] Client assigned to room: room_1, ID: 2, Socket: 9
[Thu Dec  5 23:04:59 2024] Server shutting down gracefully
[Thu Dec  5 23:04:59 2024] Server Gracefully Shutdown
[Thu Dec  5 23:05:10 2024] Config server carregada.
[Thu Dec  5 23:05:10 2024] Servidor começou
[Thu Dec  5 23:05:10 2024] Boards carregados para memoria com sucesso
[Thu Dec  5 23:05:10 2024] A começar setup do socket de connecção
[Thu Dec  5 23:05:10 2024] Socket criado com sucesso. socket_fd: 3
[Thu Dec  5 23:05:10 2024] Socket deu bind com sucesso
[Thu Dec  5 23:05:10 2024] Server começou a ouvir conecções ao servidor
[Thu Dec  5 23:05:12 2024] Receiving new connection
[Thu Dec  5 23:05:12 2024] New Casual room created and first client connected
[Thu Dec  5 23:05:12 2024] Client connected to room: room_0, with ID: 1, Socket: 4
[Thu Dec  5 23:05:12 2024] Client handshake completed
[Thu Dec  5 23:05:13 2024] Receiving new connection
[Thu Dec  5 23:05:13 2024] Client assigned to room: room_0, ID: 1, Socket: 7
[Thu Dec  5 23:05:15 2024] Receiving new connection
[Thu Dec  5 23:05:15 2024] Client assigned to room: room_0, ID: 2, Socket: 6
[Thu Dec  5 23:05:25 2024] Server shutting down gracefully
[Thu Dec  5 23:05:25 2024] Server Gracefully Shutdown
[Thu Dec  5 23:14:09 2024] Config server carregada.
[Thu Dec  5 23:14:09 2024] Servidor começou
[Thu Dec  5 23:14:09 2024] Boards carregados para memoria com sucesso
[Thu Dec  5 23:14:09 2024] A começar setup do socket de connecção
[Thu Dec  5 23:14:09 2024] Socket criado com sucesso. socket_fd: 3
[Thu Dec  5 23:14:09 2024] Socket deu bind com sucesso
[Thu Dec  5 23:14:09 2024] Server começou a ouvir conecções ao servidor
[Thu Dec  5 23:14:22 2024] Receiving new connection
[Thu Dec  5 23:14:22 2024] New Casual room created and first client connected
[Thu Dec  5 23:14:22 2024] Client connected to room: room_0, with ID: 1, Socket: 4
[Thu Dec  5 23:14:22 2024] Client handshake completed
[Thu Dec  5 23:14:23 2024] Receiving new connection
[Thu Dec  5 23:14:23 2024] Client assigned to room: room_0, ID: 1, Socket: 6
[Thu Dec  5 23:14:26 2024] Receiving new connection
[Thu Dec  5 23:14:26 2024] New Ranked room created and first client connected
[Thu Dec  5 23:14:26 2024] Client connected to room: room_1, with ID: 1, Socket: 7
[Thu Dec  5 23:14:26 2024] Client handshake completed
[Thu Dec  5 23:14:35 2024] Receiving new connection
[Thu Dec  5 23:14:35 2024] Client assigned to room: room_0, ID: 2, Socket: 10
[Thu Dec  5 23:14:39 2024] Receiving new connection
[Thu Dec  5 23:14:39 2024] New Casual room created and first client connected
[Thu Dec  5 23:14:39 2024] Client connected to room: room_2, with ID: 1, Socket: 9
[Thu Dec  5 23:14:39 2024] Client handshake completed
[Thu Dec  5 23:14:43 2024] Server shutting down gracefully
[Thu Dec  5 23:14:43 2024] Server Gracefully Shutdown
[Thu Dec  5 23:14:44 2024] Config server carregada.
[Thu Dec  5 23:14:44 2024] Servidor começou
[Thu Dec  5 23:14:44 2024] Boards carregados para memoria com sucesso
[Thu Dec  5 23:14:44 2024] A começar setup do socket de connecção
[Thu Dec  5 23:14:44 2024] Socket criado com sucesso. socket_fd: 3
[Thu Dec  5 23:14:44 2024] Socket deu bind com sucesso
[Thu Dec  5 23:14:44 2024] Server começou a ouvir conecções ao servidor
[Thu Dec  5 23:14:46 2024] Receiving new connection
[Thu Dec  5 23:14:46 2024] Client handshake completed
[Thu Dec  5 23:14:47 2024] Receiving new connection
[Thu Dec  5 23:14:47 2024] Client handshake completed
[Thu Dec  5 23:14:49 2024] Receiving new connection
[Thu Dec  5 23:14:49 2024] Client handshake completed
[Thu Dec  5 23:14:51 2024] Receiving new connection
[Thu Dec  5 23:14:51 2024] Client handshake completed
[Thu Dec  5 23:14:53 2024] Receiving new connection
[Thu Dec  5 23:14:53 2024] Client handshake completed
[Thu Dec  5 23:14:54 2024] Receiving new connection
[Thu Dec  5 23:14:54 2024] Client handshake completed
[Thu Dec  5 23:15:03 2024] Server shutting down gracefully
[Thu Dec  5 23:15:03 2024] Server Gracefully Shutdown
[Thu Dec  5 23:15:04 2024] Config server carregada.
[Thu Dec  5 23:15:04 2024] Servidor começou
[Thu Dec  5 23:15:04 2024] Boards carregados para memoria com sucesso
[Thu Dec  5 23:15:04 2024] A começar setup do socket de connecção
[Thu Dec  5 23:15:04 2024] Socket criado com sucesso. socket_fd: 3
[Thu Dec  5 23:15:04 2024] Socket deu bind com sucesso
[Thu Dec  5 23:15:04 2024] Server começou a ouvir conecções ao servidor
[Thu Dec  5 23:15:05 2024] Receiving new connection
[Thu Dec  5 23:15:05 2024] New Casual room created and first client connected
[Thu Dec  5 23:15:05 2024] Client connected to room: room_0, with ID: 1, Socket: 4
[Thu Dec  5 23:15:05 2024] Client handshake completed
[Thu Dec  5 23:15:07 2024] Receiving new connection
[Thu Dec  5 23:15:07 2024] Client assigned to room: room_0, ID: 1, Socket: 7
[Thu Dec  5 23:15:11 2024] Receiving new connection
[Thu Dec  5 23:15:11 2024] Client assigned to room: room_0, ID: 2, Socket: 5
[Thu Dec  5 23:15:16 2024] Receiving new connection
[Thu Dec  5 23:15:16 2024] New Casual room created and first client connected
[Thu Dec  5 23:15:16 2024] Client connected to room: room_1, with ID: 1, Socket: 8
[Thu Dec  5 23:15:16 2024] Client handshake completed
[Thu Dec  5 23:15:19 2024] Receiving new connection
[Thu Dec  5 23:15:19 2024] Client assigned to room: room_1, ID: 1, Socket: 11
[Thu Dec  5 23:15:21 2024] Receiving new connection
[Thu Dec  5 23:15:21 2024] Client assigned to room: room_1, ID: 2, Socket: 9
[Thu Dec  5 23:15:37 2024] Receiving new connection
[Thu Dec  5 23:15:37 2024] New Coop room created and first client connected
[Thu Dec  5 23:15:37 2024] Client connected to room: room_2, with ID: 1, Socket: 12
[Thu Dec  5 23:15:37 2024] Client handshake completed
[Thu Dec  5 23:15:40 2024] Receiving new connection
[Thu Dec  5 23:15:40 2024] Client assigned to room: room_2, ID: 1, Socket: 13
[Thu Dec  5 23:15:44 2024] Receiving new connection
[Thu Dec  5 23:15:44 2024] Client assigned to room: room_2, ID: 2, Socket: 15
[Thu Dec  5 23:15:48 2024] Receiving new connection
[Thu Dec  5 23:15:48 2024] New Ranked room created and first client connected
[Thu Dec  5 23:15:48 2024] Client connected to room: room_3, with ID: 1, Socket: 16
[Thu Dec  5 23:15:48 2024] Client handshake completed
[Thu Dec  5 23:15:50 2024] Receiving new connection
[Thu Dec  5 23:15:50 2024] Client assigned to room: room_3, ID: 1, Socket: 19
[Thu Dec  5 23:15:51 2024] Receiving new connection
[Thu Dec  5 23:15:51 2024] Client assigned to room: room_3, ID: 2, Socket: 17
[Thu Dec  5 23:16:23 2024] Server shutting down gracefully
[Thu Dec  5 23:16:23 2024] Server Gracefully Shutdown
[Thu Dec  5 23:17:07 2024] Config server carregada.
[Thu Dec  5 23:17:07 2024] Servidor começou
[Thu Dec  5 23:17:07 2024] Boards carregados para memoria com sucesso
[Thu Dec  5 23:17:07 2024] A começar setup do socket de connecção
[Thu Dec  5 23:17:07 2024] Socket criado com sucesso. socket_fd: 3
[Thu Dec  5 23:17:07 2024] Socket deu bind com sucesso
[Thu Dec  5 23:17:07 2024] Server começou a ouvir conecções ao servidor
[Thu Dec  5 23:17:16 2024] Receiving new connection
[Thu Dec  5 23:17:16 2024] New Ranked room created and first client connected
[Thu Dec  5 23:17:16 2024] Client connected to room: room_0, with ID: 1, Socket: 4
[Thu Dec  5 23:17:16 2024] Client handshake completed
[Thu Dec  5 23:17:18 2024] Receiving new connection
[Thu Dec  5 23:17:18 2024] Client assigned to room: room_0, ID: 1, Socket: 6
[Thu Dec  5 23:17:20 2024] Receiving new connection
[Thu Dec  5 23:17:20 2024] Client assigned to room: room_0, ID: 2, Socket: 7
[Thu Dec  5 23:17:23 2024] Receiving new connection
[Thu Dec  5 23:17:23 2024] Client assigned to room: room_0, ID: 3, Socket: 8
[Thu Dec  5 23:17:25 2024] Receiving new connection
[Thu Dec  5 23:17:25 2024] Client assigned to room: room_0, ID: 4, Socket: 9
[Thu Dec  5 23:17:28 2024] Receiving new connection
[Thu Dec  5 23:17:28 2024] Client assigned to room: room_0, ID: 5, Socket: 10
[Thu Dec  5 23:17:30 2024] Receiving new connection
[Thu Dec  5 23:17:30 2024] New Casual room created and first client connected
[Thu Dec  5 23:17:30 2024] Client connected to room: room_1, with ID: 1, Socket: 11
[Thu Dec  5 23:17:30 2024] Client handshake completed
[Thu Dec  5 23:17:52 2024] Receiving new connection
[Thu Dec  5 23:17:52 2024] Client assigned to room: room_1, ID: 1, Socket: 13
[Thu Dec  5 23:18:15 2024] Receiving new connection
[Thu Dec  5 23:18:15 2024] Client assigned to room: room_1, ID: 2, Socket: 14
[Thu Dec  5 23:18:23 2024] Receiving new connection
[Thu Dec  5 23:18:23 2024] Client assigned to room: room_1, ID: 3, Socket: 15
[Thu Dec  5 23:18:27 2024] Receiving new connection
[Thu Dec  5 23:18:27 2024] Client assigned to room: room_1, ID: 4, Socket: 16
[Thu Dec  5 23:18:28 2024] Receiving new connection
[Thu Dec  5 23:18:28 2024] Client assigned to room: room_1, ID: 5, Socket: 17
[Thu Dec  5 23:19:48 2024] Receiving new connection
[Thu Dec  5 23:19:48 2024] New Coop room created and first client connected
[Thu Dec  5 23:19:48 2024] Client connected to room: room_2, with ID: 1, Socket: 18
[Thu Dec  5 23:19:48 2024] Client handshake completed
[Thu Dec  5 23:19:49 2024] Receiving new connection
[Thu Dec  5 23:19:49 2024] Client assigned to room: room_2, ID: 1, Socket: 21
[Thu Dec  5 23:19:50 2024] Receiving new connection
[Thu Dec  5 23:19:50 2024] Client assigned to room: room_2, ID: 2, Socket: 19
[Thu Dec  5 23:19:51 2024] Receiving new connection
[Thu Dec  5 23:19:51 2024] Client assigned to room: room_2, ID: 3, Socket: 22
[Thu Dec  5 23:19:51 2024] Receiving new connection
[Thu Dec  5 23:19:51 2024] Client assigned to room: room_2, ID: 4, Socket: 23
[Thu Dec  5 23:19:52 2024] Receiving new connection
[Thu Dec  5 23:19:52 2024] Client assigned to room: room_2, ID: 5, Socket: 24
[Thu Dec  5 23:21:41 2024] Server shutting down gracefully
[Thu Dec  5 23:21:41 2024] Server Gracefully Shutdown
[Thu Dec  5 23:21:43 2024] Config server carregada.
[Thu Dec  5 23:21:43 2024] Servidor começou
[Thu Dec  5 23:21:43 2024] Boards carregados para memoria com sucesso
[Thu Dec  5 23:21:43 2024] A começar setup do socket de connecção
[Thu Dec  5 23:21:43 2024] Socket criado com sucesso. socket_fd: 3
[Thu Dec  5 23:21:43 2024] Socket deu bind com sucesso
[Thu Dec  5 23:21:43 2024] Server começou a ouvir conecções ao servidor
[Thu Dec  5 23:22:08 2024] Receiving new connection
[Thu Dec  5 23:22:08 2024] New Coop room created and first client connected
[Thu Dec  5 23:22:08 2024] Client connected to room: room_0, with ID: 1, Socket: 4
[Thu Dec  5 23:22:08 2024] Client handshake completed
[Thu Dec  5 23:22:10 2024] Receiving new connection
[Thu Dec  5 23:22:10 2024] Client assigned to room: room_0, ID: 1, Socket: 7
[Thu Dec  5 23:22:12 2024] Receiving new connection
[Thu Dec  5 23:22:12 2024] Client assigned to room: room_0, ID: 2, Socket: 5
[Thu Dec  5 23:22:13 2024] Receiving new connection
[Thu Dec  5 23:22:13 2024] Client assigned to room: room_0, ID: 3, Socket: 8
[Thu Dec  5 23:22:14 2024] Receiving new connection
[Thu Dec  5 23:22:14 2024] Client assigned to room: room_0, ID: 4, Socket: 9
[Thu Dec  5 23:22:16 2024] Receiving new connection
[Thu Dec  5 23:22:16 2024] Client assigned to room: room_0, ID: 5, Socket: 10
[Thu Dec  5 23:23:25 2024] Receiving new connection
[Thu Dec  5 23:23:25 2024] New Coop room created and first client connected
[Thu Dec  5 23:23:25 2024] Client connected to room: room_1, with ID: 1, Socket: 11
[Thu Dec  5 23:23:25 2024] Client handshake completed
[Thu Dec  5 23:23:26 2024] Receiving new connection
[Thu Dec  5 23:23:26 2024] Client assigned to room: room_1, ID: 1, Socket: 14
[Thu Dec  5 23:23:27 2024] Receiving new connection
[Thu Dec  5 23:23:27 2024] Client assigned to room: room_1, ID: 2, Socket: 12
[Thu Dec  5 23:23:30 2024] Receiving new connection
[Thu Dec  5 23:23:30 2024] Client assigned to room: room_1, ID: 3, Socket: 15
[Thu Dec  5 23:23:31 2024] Receiving new connection
[Thu Dec  5 23:23:31 2024] Client assigned to room: room_1, ID: 4, Socket: 16
[Thu Dec  5 23:24:11 2024] Server shutting down gracefully
[Thu Dec  5 23:24:11 2024] Server Gracefully Shutdown
[Sun Dec  8 02:13:14 2024] Config server carregada.
[Sun Dec  8 02:13:14 2024] Servidor começou
[Sun Dec  8 02:13:14 2024] Boards carregados para memoria com sucesso
[Sun Dec  8 02:13:14 2024] A começar setup do socket de connecção
[Sun Dec  8 02:13:14 2024] Socket criado com sucesso. socket_fd: 3
[Sun Dec  8 02:13:14 2024] Socket deu bind com sucesso
[Sun Dec  8 02:13:14 2024] Server começou a ouvir conecções ao servidor
[Sun Dec  8 02:13:24 2024] Receiving new connection
[Sun Dec  8 02:13:24 2024] New Casual room created and first client connected
[Sun Dec  8 02:13:24 2024] Client connected to room: room_0, with ID: 1, Socket: 4
[Sun Dec  8 02:13:24 2024] Client handshake completed
[Sun Dec  8 02:13:54 2024] Receiving new connection
[Sun Dec  8 02:13:54 2024] Client handshake completed
[Sun Dec  8 02:14:04 2024] Receiving new connection
[Sun Dec  8 02:14:04 2024] Client handshake completed
[Mon Dec  9 19:10:23 2024] Config server carregada.
[Mon Dec  9 19:10:23 2024] Servidor começou
[Mon Dec  9 19:10:23 2024] Boards carregados para memoria com sucesso
[Mon Dec  9 19:10:23 2024] A começar setup do socket de connecção
[Mon Dec  9 19:10:23 2024] Socket criado com sucesso. socket_fd: 3
[Mon Dec  9 19:10:23 2024] Socket deu bind com sucesso
[Mon Dec  9 19:10:23 2024] Server começou a ouvir conecções ao servidor
[Mon Dec  9 19:10:33 2024] Receiving new connection
[Mon Dec  9 19:10:33 2024] New Singleplayer room created and first client connected
[Mon Dec  9 19:10:33 2024] Client connected to room: room_0, with ID: 1, Socket: 4
[Mon Dec  9 19:10:33 2024] Client handshake completed
[Mon Dec  9 19:11:07 2024] Receiving new connection
[Mon Dec  9 19:11:07 2024] New Ranked room created and first client connected
[Mon Dec  9 19:11:07 2024] Client connected to room: room_1, with ID: 1, Socket: 6
[Mon Dec  9 19:11:07 2024] Client handshake completed
[Mon Dec  9 19:11:08 2024] Receiving new connection
[Mon Dec  9 19:11:08 2024] Client assigned to room: room_1, ID: 1, Socket: 8
[Mon Dec  9 19:11:14 2024] Receiving new connection
[Mon Dec  9 19:11:14 2024] Client assigned to room: room_1, ID: 2, Socket: 9
[Mon Dec  9 19:11:37 2024] Receiving new connection
[Mon Dec  9 19:11:37 2024] Client assigned to room: room_1, ID: 3, Socket: 10
[Mon Dec  9 19:11:38 2024] Receiving new connection
[Mon Dec  9 19:11:38 2024] Client assigned to room: room_1, ID: 4, Socket: 11
[Mon Dec  9 19:11:38 2024] Receiving new connection
[Mon Dec  9 19:11:38 2024] Client assigned to room: room_1, ID: 5, Socket: 12
[Mon Dec  9 19:12:17 2024] Config server carregada.
[Mon Dec  9 19:12:17 2024] Servidor começou
[Mon Dec  9 19:12:17 2024] Boards carregados para memoria com sucesso
[Mon Dec  9 19:12:17 2024] A começar setup do socket de connecção
[Mon Dec  9 19:12:17 2024] Socket criado com sucesso. socket_fd: 3
[Mon Dec  9 19:12:17 2024] Socket deu bind com sucesso
[Mon Dec  9 19:12:17 2024] Server começou a ouvir conecções ao servidor
[Mon Dec  9 19:12:19 2024] Receiving new connection
[Mon Dec  9 19:12:19 2024] New Casual room created and first client connected
[Mon Dec  9 19:12:19 2024] Client connected to room: room_0, with ID: 1, Socket: 4
[Mon Dec  9 19:12:19 2024] Client handshake completed
[Mon Dec  9 19:12:20 2024] Receiving new connection
[Mon Dec  9 19:12:20 2024] Client assigned to room: room_0, ID: 1, Socket: 7
[Mon Dec  9 19:12:21 2024] Receiving new connection
[Mon Dec  9 19:12:21 2024] Client assigned to room: room_0, ID: 2, Socket: 6
[Mon Dec  9 19:12:23 2024] Receiving new connection
[Mon Dec  9 19:12:23 2024] Client assigned to room: room_0, ID: 3, Socket: 8
[Mon Dec  9 19:12:24 2024] Receiving new connection
[Mon Dec  9 19:12:24 2024] Client assigned to room: room_0, ID: 4, Socket: 9
[Mon Dec  9 19:12:25 2024] Receiving new connection
[Mon Dec  9 19:12:25 2024] Client assigned to room: room_0, ID: 5, Socket: 10
[Mon Dec  9 19:12:36 2024] Receiving new connection
[Mon Dec  9 19:12:36 2024] New Ranked room created and first client connected
[Mon Dec  9 19:12:36 2024] Client connected to room: room_1, with ID: 1, Socket: 11
[Mon Dec  9 19:12:36 2024] Client handshake completed
[Mon Dec  9 19:12:37 2024] Receiving new connection
[Mon Dec  9 19:12:37 2024] Client assigned to room: room_1, ID: 1, Socket: 13
[Mon Dec  9 19:12:39 2024] Receiving new connection
[Mon Dec  9 19:12:39 2024] Client assigned to room: room_1, ID: 2, Socket: 14
[Mon Dec  9 19:12:40 2024] Receiving new connection
[Mon Dec  9 19:12:40 2024] Client assigned to room: room_1, ID: 3, Socket: 15
[Mon Dec  9 19:12:42 2024] Receiving new connection
[Mon Dec  9 19:12:42 2024] Client assigned to room: room_1, ID: 4, Socket: 16
[Mon Dec  9 19:12:44 2024] Receiving new connection
[Mon Dec  9 19:12:44 2024] Client assigned to room: room_1, ID: 5, Socket: 17
[Mon Dec  9 19:12:54 2024] Receiving new connection
[Mon Dec  9 19:12:54 2024] New Coop room created and first client connected
[Mon Dec  9 19:12:54 2024] Client connected to room: room_2, with ID: 1, Socket: 18
[Mon Dec  9 19:12:54 2024] Client handshake completed
[Mon Dec  9 19:12:57 2024] Receiving new connection
[Mon Dec  9 19:12:57 2024] Client assigned to room: room_2, ID: 1, Socket: 20
[Mon Dec  9 19:12:59 2024] Receiving new connection
[Mon Dec  9 19:12:59 2024] Client assigned to room: room_2, ID: 2, Socket: 21
[Mon Dec  9 19:13:02 2024] Receiving new connection
[Mon Dec  9 19:13:02 2024] Client assigned to room: room_2, ID: 3, Socket: 22
[Mon Dec  9 19:13:04 2024] Receiving new connection
[Mon Dec  9 19:13:04 2024] Client assigned to room: room_2, ID: 4, Socket: 23
[Mon Dec  9 19:13:06 2024] Receiving new connection
[Mon Dec  9 19:13:06 2024] Client assigned to room: room_2, ID: 5, Socket: 24
[Mon Dec  9 19:13:43 2024] Receiving new connection
[Mon Dec  9 19:13:43 2024] New Singleplayer room created and first client connected
[Mon Dec  9 19:13:43 2024] Client connected to room: room_3, with ID: 1, Socket: 25
[Mon Dec  9 19:13:43 2024] Client handshake completed
[Mon Dec  9 19:13:45 2024] Receiving new connection
[Mon Dec  9 19:13:45 2024] New Singleplayer room created and first client connected
[Mon Dec  9 19:13:45 2024] Client connected to room: room_4, with ID: 1, Socket: 27
[Mon Dec  9 19:13:45 2024] Client handshake completed
[Mon Dec  9 19:13:48 2024] Receiving new connection
[Mon Dec  9 19:13:48 2024] New Singleplayer room created and first client connected
[Mon Dec  9 19:13:48 2024] Client connected to room: room_5, with ID: 1, Socket: 30
[Mon Dec  9 19:13:48 2024] Client handshake completed
[Mon Dec  9 19:13:50 2024] Receiving new connection
[Mon Dec  9 19:13:50 2024] New Singleplayer room created and first client connected
[Mon Dec  9 19:13:50 2024] Client connected to room: room_6, with ID: 1, Socket: 32
[Mon Dec  9 19:13:50 2024] Client handshake completed
[Mon Dec  9 19:13:53 2024] Receiving new connection
[Mon Dec  9 19:13:53 2024] New Singleplayer room created and first client connected
[Mon Dec  9 19:13:53 2024] Client connected to room: room_7, with ID: 1, Socket: 34
[Mon Dec  9 19:13:53 2024] Client handshake completed
[Mon Dec  9 19:13:56 2024] Receiving new connection
[Mon Dec  9 19:13:56 2024] New Singleplayer room created and first client connected
[Mon Dec  9 19:13:56 2024] Client connected to room: room_8, with ID: 1, Socket: 36
[Mon Dec  9 19:13:56 2024] Client handshake completed
[Mon Dec  9 19:14:25 2024] Receiving new connection
[Mon Dec  9 19:14:25 2024] New Singleplayer room created and first client connected
[Mon Dec  9 19:14:25 2024] Client connected to room: room_9, with ID: 1, Socket: 38
[Mon Dec  9 19:14:25 2024] Client handshake completed
[Sun Dec 22 19:33:30 2024] Config server carregada.
[Sun Dec 22 19:33:30 2024] Servidor começou
[Sun Dec 22 19:33:30 2024] Boards carregados para memoria com sucesso
[Sun Dec 22 19:33:30 2024] A começar setup do socket de connecção
[Sun Dec 22 19:33:30 2024] Socket criado com sucesso. socket_fd: 3
[Sun Dec 22 19:33:30 2024] Socket deu bind com sucesso
[Sun Dec 22 19:33:30 2024] Server começou a ouvir conecções ao servidor
[Sun Dec 22 19:33:33 2024] Receiving new connection
[Sun Dec 22 19:33:33 2024] New Singleplayer room created and first client connected
[Sun Dec 22 19:33:33 2024] Client connected to room: room_0, with ID: 1, Socket: 4
[Sun Dec 22 19:37:57 2024] Config server carregada.
[Sun Dec 22 19:37:57 2024] Servidor começou
[Sun Dec 22 19:37:57 2024] Boards carregados para memoria com sucesso
[Sun Dec 22 19:37:57 2024] A começar setup do socket de connecção
[Sun Dec 22 19:37:57 2024] Socket criado com sucesso. socket_fd: 3
[Sun Dec 22 19:37:57 2024] Socket deu bind com sucesso
[Sun Dec 22 19:37:57 2024] Server começou a ouvir conecções ao servidor
[Sun Dec 22 19:38:36 2024] Receiving new connection
[Sun Dec 22 19:38:36 2024] New Singleplayer room created and first client connected
[Sun Dec 22 19:38:36 2024] Client connected to room: room_0, with ID: 1, Socket: 4
[Sun Dec 22 19:38:36 2024] Client handshake completed
[Sun Dec 22 19:38:58 2024] Config server carregada.
[Sun Dec 22 19:38:58 2024] Servidor começou
[Sun Dec 22 19:38:58 2024] Boards carregados para memoria com sucesso
[Sun Dec 22 19:38:58 2024] A começar setup do socket de connecção
[Sun Dec 22 19:38:58 2024] Socket criado com sucesso. socket_fd: 3
[Sun Dec 22 19:38:58 2024] Socket falhou bind
[Sun Dec 22 19:39:13 2024] Config server carregada.
[Sun Dec 22 19:39:13 2024] Servidor começou
[Sun Dec 22 19:39:13 2024] Boards carregados para memoria com sucesso
[Sun Dec 22 19:39:13 2024] A começar setup do socket de connecção
[Sun Dec 22 19:39:13 2024] Socket criado com sucesso. socket_fd: 3
[Sun Dec 22 19:39:13 2024] Socket deu bind com sucesso
[Sun Dec 22 19:39:13 2024] Server começou a ouvir conecções ao servidor
[Sun Dec 22 19:39:15 2024] Receiving new connection
[Sun Dec 22 19:39:15 2024] New Singleplayer room created and first client connected
[Sun Dec 22 19:39:15 2024] Client connected to room: room_0, with ID: 1, Socket: 4
[Sun Dec 22 19:39:15 2024] Client handshake completed
[Sun Dec 22 19:40:10 2024] Config server carregada.
[Sun Dec 22 19:40:10 2024] Servidor começou
[Sun Dec 22 19:40:10 2024] Boards carregados para memoria com sucesso
[Sun Dec 22 19:40:10 2024] A começar setup do socket de connecção
[Sun Dec 22 19:40:10 2024] Socket criado com sucesso. socket_fd: 3
[Sun Dec 22 19:40:10 2024] Socket deu bind com sucesso
[Sun Dec 22 19:40:10 2024] Server começou a ouvir conecções ao servidor
[Sun Dec 22 19:40:11 2024] Receiving new connection
[Sun Dec 22 19:40:11 2024] New Singleplayer room created and first client connected
[Sun Dec 22 19:40:11 2024] Client connected to room: room_0, with ID: 1, Socket: 4
[Sun Dec 22 19:40:11 2024] Client handshake completed
[Sun Dec 22 19:41:07 2024] Config server carregada.
[Sun Dec 22 19:41:07 2024] Servidor começou
[Sun Dec 22 19:41:07 2024] Boards carregados para memoria com sucesso
[Sun Dec 22 19:41:07 2024] A começar setup do socket de connecção
[Sun Dec 22 19:41:07 2024] Socket criado com sucesso. socket_fd: 3
[Sun Dec 22 19:41:07 2024] Socket deu bind com sucesso
[Sun Dec 22 19:41:07 2024] Server começou a ouvir conecções ao servidor
[Sun Dec 22 19:41:08 2024] Receiving new connection
[Sun Dec 22 19:41:08 2024] New Singleplayer room created and first client connected
[Sun Dec 22 19:41:08 2024] Client connected to room: room_0, with ID: 1, Socket: 4
[Sun Dec 22 19:41:08 2024] Client handshake completed
[Sun Dec 22 19:42:05 2024] Config server carregada.
[Sun Dec 22 19:42:05 2024] Servidor começou
[Sun Dec 22 19:42:05 2024] Boards carregados para memoria com sucesso
[Sun Dec 22 19:42:05 2024] A começar setup do socket de connecção
[Sun Dec 22 19:42:05 2024] Socket criado com sucesso. socket_fd: 3
[Sun Dec 22 19:42:05 2024] Socket deu bind com sucesso
[Sun Dec 22 19:42:05 2024] Server começou a ouvir conecções ao servidor
[Sun Dec 22 19:42:06 2024] Receiving new connection
[Sun Dec 22 19:42:06 2024] New Singleplayer room created and first client connected
[Sun Dec 22 19:42:06 2024] Client connected to room: room_0, with ID: 1, Socket: 4
[Sun Dec 22 19:42:06 2024] Client handshake completed
[Sun Dec 22 19:43:18 2024] Config server carregada.
[Sun Dec 22 19:43:18 2024] Servidor começou
[Sun Dec 22 19:43:18 2024] Boards carregados para memoria com sucesso
[Sun Dec 22 19:43:18 2024] A começar setup do socket de connecção
[Sun Dec 22 19:43:18 2024] Socket criado com sucesso. socket_fd: 3
[Sun Dec 22 19:43:18 2024] Socket deu bind com sucesso
[Sun Dec 22 19:43:18 2024] Server começou a ouvir conecções ao servidor
[Sun Dec 22 19:43:20 2024] Receiving new connection
[Sun Dec 22 19:43:20 2024] New Singleplayer room created and first client connected
[Sun Dec 22 19:43:20 2024] Client connected to room: room_0, with ID: 1, Socket: 4
[Sun Dec 22 19:43:20 2024] Client handshake completed
[Sun Dec 22 19:43:27 2024] Server shutting down gracefully
[Sun Dec 22 19:43:27 2024] Server Gracefully Shutdown
[Sun Dec 22 19:50:29 2024] Config server carregada.
[Sun Dec 22 19:50:29 2024] Servidor começou
[Sun Dec 22 19:50:29 2024] Boards carregados para memoria com sucesso
[Sun Dec 22 19:50:29 2024] A começar setup do socket de connecção
[Sun Dec 22 19:50:29 2024] Socket criado com sucesso. socket_fd: 3
[Sun Dec 22 19:50:29 2024] Socket deu bind com sucesso
[Sun Dec 22 19:50:29 2024] Server começou a ouvir conecções ao servidor
[Sun Dec 22 19:50:30 2024] Receiving new connection
[Sun Dec 22 19:50:30 2024] New Coop room created and first client connected
[Sun Dec 22 19:50:30 2024] Client connected to room: room_0, with ID: 1, Socket: 4
[Sun Dec 22 19:50:30 2024] Client handshake completed
[Sun Dec 22 19:50:31 2024] Receiving new connection
[Sun Dec 22 19:50:31 2024] Client assigned to room: room_0, ID: 1, Socket: 5
[Sun Dec 22 19:50:31 2024] Receiving new connection
[Sun Dec 22 19:50:31 2024] Client assigned to room: room_0, ID: 2, Socket: 7
[Sun Dec 22 19:50:32 2024] Receiving new connection
[Sun Dec 22 19:50:32 2024] Client assigned to room: room_0, ID: 3, Socket: 8
[Sun Dec 22 19:50:49 2024] Server shutting down gracefully
[Sun Dec 22 19:50:49 2024] Server Gracefully Shutdown
[Sun Dec 22 19:51:03 2024] Config server carregada.
[Sun Dec 22 19:51:03 2024] Servidor começou
[Sun Dec 22 19:51:03 2024] Boards carregados para memoria com sucesso
[Sun Dec 22 19:51:03 2024] A começar setup do socket de connecção
[Sun Dec 22 19:51:03 2024] Socket criado com sucesso. socket_fd: 3
[Sun Dec 22 19:51:03 2024] Socket deu bind com sucesso
[Sun Dec 22 19:51:03 2024] Server começou a ouvir conecções ao servidor
[Sun Dec 22 19:51:04 2024] Receiving new connection
[Sun Dec 22 19:51:04 2024] New Coop room created and first client connected
[Sun Dec 22 19:51:04 2024] Client connected to room: room_0, with ID: 1, Socket: 4
[Sun Dec 22 19:51:04 2024] Client handshake completed
[Sun Dec 22 19:51:07 2024] Receiving new connection
[Sun Dec 22 19:51:07 2024] Client assigned to room: room_0, ID: 1, Socket: 6
[Sun Dec 22 19:51:08 2024] Receiving new connection
[Sun Dec 22 19:51:08 2024] Client assigned to room: room_0, ID: 2, Socket: 7
[Sun Dec 22 19:51:09 2024] Receiving new connection
[Sun Dec 22 19:51:09 2024] Client assigned to room: room_0, ID: 3, Socket: 8
[Sun Dec 22 19:51:30 2024] Server shutting down gracefully
[Sun Dec 22 19:51:30 2024] Server Gracefully Shutdown
[Sun Dec 22 19:51:44 2024] Config server carregada.
[Sun Dec 22 19:51:44 2024] Servidor começou
[Sun Dec 22 19:51:44 2024] Boards carregados para memoria com sucesso
[Sun Dec 22 19:51:44 2024] A começar setup do socket de connecção
[Sun Dec 22 19:51:44 2024] Socket criado com sucesso. socket_fd: 3
[Sun Dec 22 19:51:44 2024] Socket deu bind com sucesso
[Sun Dec 22 19:51:44 2024] Server começou a ouvir conecções ao servidor
[Sun Dec 22 19:51:47 2024] Receiving new connection
[Sun Dec 22 19:51:47 2024] New Coop room created and first client connected
[Sun Dec 22 19:51:47 2024] Client connected to room: room_0, with ID: 1, Socket: 4
[Sun Dec 22 19:51:47 2024] Client handshake completed
[Sun Dec 22 19:51:48 2024] Receiving new connection
[Sun Dec 22 19:51:48 2024] Client assigned to room: room_0, ID: 1, Socket: 6
[Sun Dec 22 19:51:49 2024] Receiving new connection
[Sun Dec 22 19:51:49 2024] Client assigned to room: room_0, ID: 2, Socket: 7
[Sun Dec 22 19:51:50 2024] Receiving new connection
[Sun Dec 22 19:51:50 2024] Client assigned to room: room_0, ID: 3, Socket: 8
[Sun Dec 22 19:52:09 2024] Server shutting down gracefully
[Sun Dec 22 19:52:09 2024] Server Gracefully Shutdown
[Sun Dec 22 19:52:17 2024] Config server carregada.
[Sun Dec 22 19:52:17 2024] Servidor começou
[Sun Dec 22 19:52:17 2024] Boards carregados para memoria com sucesso
[Sun Dec 22 19:52:17 2024] A começar setup do socket de connecção
[Sun Dec 22 19:52:17 2024] Socket criado com sucesso. socket_fd: 3
[Sun Dec 22 19:52:17 2024] Socket deu bind com sucesso
[Sun Dec 22 19:52:17 2024] Server começou a ouvir conecções ao servidor
[Sun Dec 22 19:52:19 2024] Receiving new connection
[Sun Dec 22 19:52:19 2024] New Coop room created and first client connected
[Sun Dec 22 19:52:19 2024] Client connected to room: room_0, with ID: 1, Socket: 4
[Sun Dec 22 19:52:19 2024] Client handshake completed
[Sun Dec 22 19:52:20 2024] Receiving new connection
[Sun Dec 22 19:52:20 2024] Client assigned to room: room_0, ID: 1, Socket: 6
[Sun Dec 22 19:52:21 2024] Receiving new connection
[Sun Dec 22 19:52:21 2024] Client assigned to room: room_0, ID: 2, Socket: 7
[Sun Dec 22 19:52:22 2024] Receiving new connection
[Sun Dec 22 19:52:22 2024] Client assigned to room: room_0, ID: 3, Socket: 8
[Sun Dec 22 19:54:10 2024] Server shutting down gracefully
[Sun Dec 22 19:54:10 2024] Server Gracefully Shutdown
[Sun Dec 22 20:05:10 2024] Config server carregada.
[Sun Dec 22 20:05:10 2024] Servidor começou
[Sun Dec 22 20:05:10 2024] Boards carregados para memoria com sucesso
[Sun Dec 22 20:05:10 2024] A começar setup do socket de connecção
[Sun Dec 22 20:05:10 2024] Socket criado com sucesso. socket_fd: 3
[Sun Dec 22 20:05:10 2024] Socket deu bind com sucesso
[Sun Dec 22 20:05:10 2024] Server começou a ouvir conecções ao servidor
[Sun Dec 22 20:05:13 2024] Receiving new connection
[Sun Dec 22 20:05:13 2024] New Casual room created and first client connected
[Sun Dec 22 20:05:13 2024] Client connected to room: room_0, with ID: 1, Socket: 4
[Sun Dec 22 20:05:13 2024] Client handshake completed
[Sun Dec 22 20:05:15 2024] Receiving new connection
[Sun Dec 22 20:05:15 2024] Client assigned to room: room_0, ID: 1, Socket: 5
[Sun Dec 22 20:05:17 2024] Receiving new connection
[Sun Dec 22 20:05:17 2024] Client assigned to room: room_0, ID: 2, Socket: 7
[Sun Dec 22 20:05:19 2024] Receiving new connection
[Sun Dec 22 20:05:19 2024] Client assigned to room: room_0, ID: 3, Socket: 8
[Sun Dec 22 20:05:22 2024] Server shutting down gracefully
[Sun Dec 22 20:05:22 2024] Server Gracefully Shutdown
[Sun Dec 22 20:06:49 2024] Config server carregada.
[Sun Dec 22 20:06:49 2024] Servidor começou
[Sun Dec 22 20:06:49 2024] Boards carregados para memoria com sucesso
[Sun Dec 22 20:06:49 2024] A começar setup do socket de connecção
[Sun Dec 22 20:06:49 2024] Socket criado com sucesso. socket_fd: 3
[Sun Dec 22 20:06:49 2024] Socket deu bind com sucesso
[Sun Dec 22 20:06:49 2024] Server começou a ouvir conecções ao servidor
[Sun Dec 22 20:07:06 2024] Receiving new connection
[Sun Dec 22 20:07:06 2024] New Casual room created and first client connected
[Sun Dec 22 20:07:06 2024] Client connected to room: room_0, with ID: 1, Socket: 4
[Sun Dec 22 20:07:06 2024] Client handshake completed
[Sun Dec 22 20:07:06 2024] Receiving new connection
[Sun Dec 22 20:07:06 2024] Client assigned to room: room_0, ID: 1, Socket: 6
[Sun Dec 22 20:07:07 2024] Receiving new connection
[Sun Dec 22 20:07:07 2024] Client assigned to room: room_0, ID: 2, Socket: 7
[Sun Dec 22 20:07:11 2024] Receiving new connection
[Sun Dec 22 20:07:11 2024] Client assigned to room: room_0, ID: 3, Socket: 8
[Sun Dec 22 20:07:15 2024] Server shutting down gracefully
[Sun Dec 22 20:07:15 2024] Server Gracefully Shutdown
[Sun Dec 22 20:07:30 2024] Config server carregada.
[Sun Dec 22 20:07:30 2024] Servidor começou
[Sun Dec 22 20:07:30 2024] Boards carregados para memoria com sucesso
[Sun Dec 22 20:07:30 2024] A começar setup do socket de connecção
[Sun Dec 22 20:07:30 2024] Socket criado com sucesso. socket_fd: 3
[Sun Dec 22 20:07:30 2024] Socket deu bind com sucesso
[Sun Dec 22 20:07:30 2024] Server começou a ouvir conecções ao servidor
[Sun Dec 22 20:07:31 2024] Receiving new connection
[Sun Dec 22 20:07:31 2024] New Casual room created and first client connected
[Sun Dec 22 20:07:31 2024] Client connected to room: room_0, with ID: 1, Socket: 4
[Sun Dec 22 20:07:31 2024] Client handshake completed
[Sun Dec 22 20:07:32 2024] Receiving new connection
[Sun Dec 22 20:07:32 2024] Client assigned to room: room_0, ID: 1, Socket: 5
[Sun Dec 22 20:07:33 2024] Receiving new connection
[Sun Dec 22 20:07:33 2024] Client assigned to room: room_0, ID: 2, Socket: 7
[Sun Dec 22 20:07:35 2024] Receiving new connection
[Sun Dec 22 20:07:35 2024] Client assigned to room: room_0, ID: 3, Socket: 8
[Sun Dec 22 20:07:41 2024] Server shutting down gracefully
[Sun Dec 22 20:07:41 2024] Server Gracefully Shutdown
[Sun Dec 22 20:08:31 2024] Config server carregada.
[Sun Dec 22 20:08:31 2024] Servidor começou
[Sun Dec 22 20:08:31 2024] Boards carregados para memoria com sucesso
[Sun Dec 22 20:08:31 2024] A começar setup do socket de connecção
[Sun Dec 22 20:08:31 2024] Socket criado com sucesso. socket_fd: 3
[Sun Dec 22 20:08:31 2024] Socket deu bind com sucesso
[Sun Dec 22 20:08:31 2024] Server começou a ouvir conecções ao servidor
[Sun Dec 22 20:08:33 2024] Receiving new connection
[Sun Dec 22 20:08:33 2024] New Casual room created and first client connected
[Sun Dec 22 20:08:33 2024] Client connected to room: room_0, with ID: 1, Socket: 4
[Sun Dec 22 20:08:33 2024] Client handshake completed
[Sun Dec 22 20:08:34 2024] Receiving new connection
[Sun Dec 22 20:08:34 2024] Client assigned to room: room_0, ID: 1, Socket: 7
[Sun Dec 22 20:08:35 2024] Receiving new connection
[Sun Dec 22 20:08:35 2024] Client assigned to room: room_0, ID: 2, Socket: 5
[Sun Dec 22 20:08:36 2024] Receiving new connection
[Sun Dec 22 20:08:36 2024] Client assigned to room: room_0, ID: 3, Socket: 8
[Sun Dec 22 20:09:37 2024] Config server carregada.
[Sun Dec 22 20:09:37 2024] Servidor começou
[Sun Dec 22 20:09:37 2024] Boards carregados para memoria com sucesso
[Sun Dec 22 20:09:37 2024] A começar setup do socket de connecção
[Sun Dec 22 20:09:37 2024] Socket criado com sucesso. socket_fd: 3
[Sun Dec 22 20:09:37 2024] Socket falhou bind
[Sun Dec 22 20:11:00 2024] Config server carregada.
[Sun Dec 22 20:11:00 2024] Servidor começou
[Sun Dec 22 20:11:00 2024] Boards carregados para memoria com sucesso
[Sun Dec 22 20:11:00 2024] A começar setup do socket de connecção
[Sun Dec 22 20:11:00 2024] Socket criado com sucesso. socket_fd: 3
[Sun Dec 22 20:11:00 2024] Socket deu bind com sucesso
[Sun Dec 22 20:11:00 2024] Server começou a ouvir conecções ao servidor
[Sun Dec 22 20:11:01 2024] Receiving new connection
[Sun Dec 22 20:11:01 2024] New Casual room created and first client connected
[Sun Dec 22 20:11:01 2024] Client connected to room: room_0, with ID: 1, Socket: 4
[Sun Dec 22 20:11:01 2024] Client handshake completed
[Sun Dec 22 20:11:02 2024] Receiving new connection
[Sun Dec 22 20:11:02 2024] Client assigned to room: room_0, ID: 1, Socket: 6
[Sun Dec 22 20:11:03 2024] Receiving new connection
[Sun Dec 22 20:11:03 2024] Client assigned to room: room_0, ID: 2, Socket: 7
[Sun Dec 22 20:11:05 2024] Receiving new connection
[Sun Dec 22 20:11:05 2024] Client assigned to room: room_0, ID: 3, Socket: 8
[Sun Dec 22 20:11:43 2024] Config server carregada.
[Sun Dec 22 20:11:43 2024] Servidor começou
[Sun Dec 22 20:11:43 2024] Boards carregados para memoria com sucesso
[Sun Dec 22 20:11:43 2024] A começar setup do socket de connecção
[Sun Dec 22 20:11:43 2024] Socket criado com sucesso. socket_fd: 3
[Sun Dec 22 20:11:43 2024] Socket deu bind com sucesso
[Sun Dec 22 20:11:43 2024] Server começou a ouvir conecções ao servidor
[Sun Dec 22 20:11:44 2024] Receiving new connection
[Sun Dec 22 20:11:44 2024] New Casual room created and first client connected
[Sun Dec 22 20:11:44 2024] Client connected to room: room_0, with ID: 1, Socket: 4
[Sun Dec 22 20:11:44 2024] Client handshake completed
[Sun Dec 22 20:11:46 2024] Receiving new connection
[Sun Dec 22 20:11:46 2024] Client assigned to room: room_0, ID: 1, Socket: 7
[Sun Dec 22 20:11:47 2024] Receiving new connection
[Sun Dec 22 20:11:47 2024] Client assigned to room: room_0, ID: 2, Socket: 6
[Sun Dec 22 20:11:48 2024] Receiving new connection
[Sun Dec 22 20:11:48 2024] Client assigned to room: room_0, ID: 3, Socket: 8
[Sun Dec 22 20:11:52 2024] Server shutting down gracefully
[Sun Dec 22 20:11:52 2024] Server Gracefully Shutdown
[Sun Dec 22 20:14:47 2024] Config server carregada.
[Sun Dec 22 20:14:47 2024] Servidor começou
[Sun Dec 22 20:14:47 2024] Boards carregados para memoria com sucesso
[Sun Dec 22 20:14:47 2024] A começar setup do socket de connecção
[Sun Dec 22 20:14:47 2024] Socket criado com sucesso. socket_fd: 3
[Sun Dec 22 20:14:47 2024] Socket deu bind com sucesso
[Sun Dec 22 20:14:47 2024] Server começou a ouvir conecções ao servidor
[Sun Dec 22 20:14:49 2024] Receiving new connection
[Sun Dec 22 20:14:49 2024] New Casual room created and first client connected
[Sun Dec 22 20:14:49 2024] Client connected to room: room_0, with ID: 1, Socket: 4
[Sun Dec 22 20:14:49 2024] Client handshake completed
[Sun Dec 22 20:14:50 2024] Receiving new connection
[Sun Dec 22 20:14:50 2024] Client assigned to room: room_0, ID: 1, Socket: 7
[Sun Dec 22 20:14:51 2024] Receiving new connection
[Sun Dec 22 20:14:51 2024] Client assigned to room: room_0, ID: 2, Socket: 6
[Sun Dec 22 20:14:52 2024] Receiving new connection
[Sun Dec 22 20:14:52 2024] Client assigned to room: room_0, ID: 3, Socket: 8
[Sun Dec 22 20:15:00 2024] Server shutting down gracefully
[Sun Dec 22 20:15:00 2024] Server Gracefully Shutdown
[Sun Dec 22 20:16:29 2024] Config server carregada.
[Sun Dec 22 20:16:29 2024] Servidor começou
[Sun Dec 22 20:16:29 2024] Boards carregados para memoria com sucesso
[Sun Dec 22 20:16:29 2024] A começar setup do socket de connecção
[Sun Dec 22 20:16:29 2024] Socket criado com sucesso. socket_fd: 3
[Sun Dec 22 20:16:29 2024] Socket deu bind com sucesso
[Sun Dec 22 20:16:29 2024] Server começou a ouvir conecções ao servidor
[Sun Dec 22 20:16:31 2024] Receiving new connection
[Sun Dec 22 20:16:31 2024] New Casual room created and first client connected
[Sun Dec 22 20:16:31 2024] Client connected to room: room_0, with ID: 1, Socket: 4
[Sun Dec 22 20:16:31 2024] Client handshake completed
[Sun Dec 22 20:16:32 2024] Receiving new connection
[Sun Dec 22 20:16:32 2024] Client assigned to room: room_0, ID: 1, Socket: 6
[Sun Dec 22 20:16:33 2024] Receiving new connection
[Sun Dec 22 20:16:33 2024] Client assigned to room: room_0, ID: 2, Socket: 7
[Sun Dec 22 20:16:34 2024] Receiving new connection
[Sun Dec 22 20:16:34 2024] Client assigned to room: room_0, ID: 3, Socket: 8
[Sun Dec 22 20:16:51 2024] Server shutting down gracefully
[Sun Dec 22 20:16:51 2024] Server Gracefully Shutdown
[Sun Dec 22 20:18:51 2024] Config server carregada.
[Sun Dec 22 20:18:51 2024] Servidor começou
[Sun Dec 22 20:18:51 2024] Boards carregados para memoria com sucesso
[Sun Dec 22 20:18:51 2024] A começar setup do socket de connecção
[Sun Dec 22 20:18:51 2024] Socket criado com sucesso. socket_fd: 3
[Sun Dec 22 20:18:51 2024] Socket deu bind com sucesso
[Sun Dec 22 20:18:51 2024] Server começou a ouvir conecções ao servidor
[Sun Dec 22 20:18:53 2024] Receiving new connection
[Sun Dec 22 20:18:53 2024] New Ranked room created and first client connected
[Sun Dec 22 20:18:53 2024] Client connected to room: room_0, with ID: 1, Socket: 4
[Sun Dec 22 20:18:53 2024] Client handshake completed
[Sun Dec 22 20:18:55 2024] Receiving new connection
[Sun Dec 22 20:18:55 2024] Client assigned to room: room_0, ID: 1, Socket: 7
[Sun Dec 22 20:18:56 2024] Receiving new connection
[Sun Dec 22 20:18:56 2024] Client assigned to room: room_0, ID: 2, Socket: 6
[Sun Dec 22 20:18:58 2024] Receiving new connection
[Sun Dec 22 20:18:58 2024] Client assigned to room: room_0, ID: 3, Socket: 8
[Sun Dec 22 20:19:08 2024] Server shutting down gracefully
[Sun Dec 22 20:19:08 2024] Server Gracefully Shutdown
[Fri Dec 27 12:49:04 2024] Config server carregada.
[Fri Dec 27 12:49:04 2024] Servidor começou
[Fri Dec 27 12:49:04 2024] Boards carregados para memoria com sucesso
[Fri Dec 27 12:49:04 2024] A começar setup do socket de connecção
[Fri Dec 27 12:49:04 2024] Socket criado com sucesso. socket_fd: 3
[Fri Dec 27 12:49:04 2024] Socket deu bind com sucesso
[Fri Dec 27 12:49:04 2024] Server começou a ouvir conecções ao servidor
[Fri Dec 27 12:50:18 2024] Server shutting down gracefully
[Fri Dec 27 12:50:18 2024] Server Gracefully Shutdown
[Fri Dec 27 12:51:05 2024] Config server carregada.
[Fri Dec 27 12:51:05 2024] Servidor começou
[Fri Dec 27 12:51:05 2024] Boards carregados para memoria com sucesso
[Fri Dec 27 12:51:05 2024] A começar setup do socket de connecção
[Fri Dec 27 12:51:05 2024] Socket criado com sucesso. socket_fd: 3
[Fri Dec 27 12:51:05 2024] Socket deu bind com sucesso
[Fri Dec 27 12:51:05 2024] Server começou a ouvir conecções ao servidor
[Fri Dec 27 12:51:36 2024] Server shutting down gracefully
[Fri Dec 27 12:51:36 2024] Server Gracefully Shutdown
[Fri Dec 27 12:52:02 2024] Config server carregada.
[Fri Dec 27 12:52:02 2024] Servidor começou
[Fri Dec 27 12:52:02 2024] Boards carregados para memoria com sucesso
[Fri Dec 27 12:52:02 2024] A começar setup do socket de connecção
[Fri Dec 27 12:52:02 2024] Socket criado com sucesso. socket_fd: 3
[Fri Dec 27 12:52:02 2024] Socket deu bind com sucesso
[Fri Dec 27 12:52:02 2024] Server começou a ouvir conecções ao servidor
[Fri Dec 27 12:52:30 2024] Server shutting down gracefully
[Fri Dec 27 12:52:30 2024] Server Gracefully Shutdown
[Fri Dec 27 12:52:47 2024] Config server carregada.
[Fri Dec 27 12:52:47 2024] Servidor começou
[Fri Dec 27 12:52:47 2024] Boards carregados para memoria com sucesso
[Fri Dec 27 12:52:47 2024] A começar setup do socket de connecção
[Fri Dec 27 12:52:47 2024] Socket criado com sucesso. socket_fd: 3
[Fri Dec 27 12:52:47 2024] Socket deu bind com sucesso
[Fri Dec 27 12:52:47 2024] Server começou a ouvir conecções ao servidor
[Fri Dec 27 12:52:56 2024] Receiving new connection
[Fri Dec 27 12:52:56 2024] New Singleplayer room created and first client connected
[Fri Dec 27 12:52:56 2024] Client connected to room: room_0, with ID: 1, Socket: 4
[Fri Dec 27 12:52:56 2024] Client handshake completed
[Fri Dec 27 12:53:32 2024] Server shutting down gracefully
[Fri Dec 27 12:53:32 2024] Server Gracefully Shutdown
[Fri Dec 27 13:00:31 2024] Config server carregada.
[Fri Dec 27 13:00:31 2024] Servidor começou
[Fri Dec 27 13:00:31 2024] Boards carregados para memoria com sucesso
[Fri Dec 27 13:00:31 2024] A começar setup do socket de connecção
[Fri Dec 27 13:00:31 2024] Socket criado com sucesso. socket_fd: 3
[Fri Dec 27 13:00:31 2024] Socket deu bind com sucesso
[Fri Dec 27 13:00:31 2024] Server começou a ouvir conecções ao servidor
[Fri Dec 27 13:00:36 2024] Receiving new connection
[Fri Dec 27 13:00:36 2024] New Singleplayer room created and first client connected
[Fri Dec 27 13:00:36 2024] Client connected to room: room_0, with ID: 1, Socket: 4
[Fri Dec 27 13:00:36 2024] Client handshake completed
[Fri Dec 27 13:00:58 2024] Server shutting down gracefully
[Fri Dec 27 13:00:58 2024] Server Gracefully Shutdown
[Fri Dec 27 13:01:52 2024] Config server carregada.
[Fri Dec 27 13:01:52 2024] Servidor começou
[Fri Dec 27 13:01:52 2024] Boards carregados para memoria com sucesso
[Fri Dec 27 13:01:52 2024] A começar setup do socket de connecção
[Fri Dec 27 13:01:52 2024] Socket criado com sucesso. socket_fd: 3
[Fri Dec 27 13:01:52 2024] Socket deu bind com sucesso
[Fri Dec 27 13:01:52 2024] Server começou a ouvir conecções ao servidor
[Fri Dec 27 13:02:01 2024] Receiving new connection
[Fri Dec 27 13:02:01 2024] New Singleplayer room created and first client connected
[Fri Dec 27 13:02:01 2024] Client connected to room: room_0, with ID: 1, Socket: 4
[Fri Dec 27 13:02:01 2024] Client handshake completed
[Fri Dec 27 13:02:27 2024] Server shutting down gracefully
[Fri Dec 27 13:02:27 2024] Server Gracefully Shutdown
[Fri Dec 27 13:12:17 2024] Config server carregada.
[Fri Dec 27 13:12:17 2024] Servidor começou
[Fri Dec 27 13:12:17 2024] Boards carregados para memoria com sucesso
[Fri Dec 27 13:12:17 2024] A começar setup do socket de connecção
[Fri Dec 27 13:12:17 2024] Socket criado com sucesso. socket_fd: 3
[Fri Dec 27 13:12:17 2024] Socket deu bind com sucesso
[Fri Dec 27 13:12:17 2024] Server começou a ouvir conecções ao servidor
[Fri Dec 27 13:12:19 2024] Receiving new connection
[Fri Dec 27 13:12:19 2024] New Singleplayer room created and first client connected
[Fri Dec 27 13:12:19 2024] Client connected to room: room_0, with ID: 1, Socket: 4
[Fri Dec 27 13:12:19 2024] Client handshake completed
[Fri Dec 27 13:12:34 2024] Server shutting down gracefully
[Fri Dec 27 13:12:34 2024] Server Gracefully Shutdown
[Fri Dec 27 13:13:38 2024] Config server carregada.
[Fri Dec 27 13:13:38 2024] Servidor começou
[Fri Dec 27 13:13:38 2024] Boards carregados para memoria com sucesso
[Fri Dec 27 13:13:38 2024] A começar setup do socket de connecção
[Fri Dec 27 13:13:38 2024] Socket criado com sucesso. socket_fd: 3
[Fri Dec 27 13:13:38 2024] Socket deu bind com sucesso
[Fri Dec 27 13:13:38 2024] Server começou a ouvir conecções ao servidor
[Fri Dec 27 13:13:41 2024] Receiving new connection
[Fri Dec 27 13:13:41 2024] New Singleplayer room created and first client connected
[Fri Dec 27 13:13:41 2024] Client connected to room: room_0, with ID: 1, Socket: 4
[Fri Dec 27 13:14:07 2024] Config server carregada.
[Fri Dec 27 13:14:07 2024] Servidor começou
[Fri Dec 27 13:14:07 2024] Boards carregados para memoria com sucesso
[Fri Dec 27 13:14:07 2024] A começar setup do socket de connecção
[Fri Dec 27 13:14:07 2024] Socket criado com sucesso. socket_fd: 3
[Fri Dec 27 13:14:07 2024] Socket deu bind com sucesso
[Fri Dec 27 13:14:07 2024] Server começou a ouvir conecções ao servidor
[Fri Dec 27 13:14:11 2024] Receiving new connection
[Fri Dec 27 13:14:11 2024] New Singleplayer room created and first client connected
[Fri Dec 27 13:14:11 2024] Client connected to room: room_0, with ID: 1, Socket: 4
[Fri Dec 27 13:15:37 2024] Config server carregada.
[Fri Dec 27 13:15:37 2024] Servidor começou
[Fri Dec 27 13:15:37 2024] Boards carregados para memoria com sucesso
[Fri Dec 27 13:15:37 2024] A começar setup do socket de connecção
[Fri Dec 27 13:15:37 2024] Socket criado com sucesso. socket_fd: 3
[Fri Dec 27 13:15:37 2024] Socket deu bind com sucesso
[Fri Dec 27 13:15:37 2024] Server começou a ouvir conecções ao servidor
[Fri Dec 27 13:15:42 2024] Receiving new connection
[Fri Dec 27 13:15:42 2024] New Singleplayer room created and first client connected
[Fri Dec 27 13:15:42 2024] Client connected to room: room_0, with ID: 1, Socket: 4
[Fri Dec 27 13:15:42 2024] Client handshake completed
[Fri Dec 27 13:15:49 2024] Server shutting down gracefully
[Fri Dec 27 13:15:49 2024] Server Gracefully Shutdown
[Fri Dec 27 13:18:12 2024] Config server carregada.
[Fri Dec 27 13:18:12 2024] Servidor começou
[Fri Dec 27 13:18:12 2024] Boards carregados para memoria com sucesso
[Fri Dec 27 13:18:12 2024] A começar setup do socket de connecção
[Fri Dec 27 13:18:12 2024] Socket criado com sucesso. socket_fd: 3
[Fri Dec 27 13:18:12 2024] Socket deu bind com sucesso
[Fri Dec 27 13:18:12 2024] Server começou a ouvir conecções ao servidor
[Fri Dec 27 13:18:20 2024] Receiving new connection
[Fri Dec 27 13:18:20 2024] New Singleplayer room created and first client connected
[Fri Dec 27 13:18:20 2024] Client connected to room: room_0, with ID: 1, Socket: 4
[Fri Dec 27 13:18:20 2024] Client handshake completed
[Fri Dec 27 13:18:28 2024] Server shutting down gracefully
[Fri Dec 27 13:18:28 2024] Server Gracefully Shutdown
[Fri Dec 27 13:22:40 2024] Config server carregada.
[Fri Dec 27 13:22:40 2024] Servidor começou
[Fri Dec 27 13:22:40 2024] Boards carregados para memoria com sucesso
[Fri Dec 27 13:22:40 2024] A começar setup do socket de connecção
[Fri Dec 27 13:22:40 2024] Socket criado com sucesso. socket_fd: 3
[Fri Dec 27 13:22:40 2024] Socket deu bind com sucesso
[Fri Dec 27 13:22:40 2024] Server começou a ouvir conecções ao servidor
[Fri Dec 27 13:22:43 2024] Receiving new connection
[Fri Dec 27 13:22:43 2024] New Coop room created and first client connected
[Fri Dec 27 13:22:43 2024] Client connected to room: room_0, with ID: 1, Socket: 4
[Fri Dec 27 13:22:43 2024] Client handshake completed
[Fri Dec 27 13:22:44 2024] Receiving new connection
[Fri Dec 27 13:22:44 2024] Client assigned to room: room_0, ID: 1, Socket: 5
[Fri Dec 27 13:22:45 2024] Receiving new connection
[Fri Dec 27 13:22:45 2024] Client assigned to room: room_0, ID: 2, Socket: 7
[Fri Dec 27 13:22:48 2024] Receiving new connection
[Fri Dec 27 13:22:48 2024] Client assigned to room: room_0, ID: 3, Socket: 8
[Fri Dec 27 13:23:26 2024] Receiving new connection
[Fri Dec 27 13:23:26 2024] New Coop room created and first client connected
[Fri Dec 27 13:23:26 2024] Client connected to room: room_1, with ID: 1, Socket: 9
[Fri Dec 27 13:23:26 2024] Client handshake completed
[Fri Dec 27 13:23:35 2024] Server shutting down gracefully
[Fri Dec 27 13:23:35 2024] Server Gracefully Shutdown
[Fri Dec 27 13:24:06 2024] Config server carregada.
[Fri Dec 27 13:24:06 2024] Servidor começou
[Fri Dec 27 13:24:06 2024] Boards carregados para memoria com sucesso
[Fri Dec 27 13:24:06 2024] A começar setup do socket de connecção
[Fri Dec 27 13:24:06 2024] Socket criado com sucesso. socket_fd: 3
[Fri Dec 27 13:24:06 2024] Socket deu bind com sucesso
[Fri Dec 27 13:24:06 2024] Server começou a ouvir conecções ao servidor
[Fri Dec 27 13:24:18 2024] Receiving new connection
[Fri Dec 27 13:24:18 2024] New Coop room created and first client connected
[Fri Dec 27 13:24:18 2024] Client connected to room: room_0, with ID: 1, Socket: 4
[Fri Dec 27 13:24:18 2024] Client handshake completed
[Fri Dec 27 13:24:21 2024] Receiving new connection
[Fri Dec 27 13:24:21 2024] Client assigned to room: room_0, ID: 1, Socket: 7
[Fri Dec 27 13:24:23 2024] Receiving new connection
[Fri Dec 27 13:24:23 2024] Client assigned to room: room_0, ID: 2, Socket: 5
[Fri Dec 27 13:24:26 2024] Receiving new connection
[Fri Dec 27 13:24:26 2024] Client assigned to room: room_0, ID: 3, Socket: 8
[Fri Dec 27 13:25:13 2024] Server shutting down gracefully
[Fri Dec 27 13:25:13 2024] Server Gracefully Shutdown
[Fri Dec 27 13:25:49 2024] Config server carregada.
[Fri Dec 27 13:25:49 2024] Servidor começou
[Fri Dec 27 13:25:49 2024] Boards carregados para memoria com sucesso
[Fri Dec 27 13:25:49 2024] A começar setup do socket de connecção
[Fri Dec 27 13:25:49 2024] Socket criado com sucesso. socket_fd: 3
[Fri Dec 27 13:25:49 2024] Socket deu bind com sucesso
[Fri Dec 27 13:25:49 2024] Server começou a ouvir conecções ao servidor
[Fri Dec 27 13:25:51 2024] Receiving new connection
[Fri Dec 27 13:25:51 2024] New Coop room created and first client connected
[Fri Dec 27 13:25:51 2024] Client connected to room: room_0, with ID: 1, Socket: 4
[Fri Dec 27 13:25:51 2024] Client handshake completed
[Fri Dec 27 13:25:52 2024] Receiving new connection
[Fri Dec 27 13:25:52 2024] Client assigned to room: room_0, ID: 1, Socket: 7
[Fri Dec 27 13:25:53 2024] Receiving new connection
[Fri Dec 27 13:25:53 2024] Client assigned to room: room_0, ID: 2, Socket: 5
[Fri Dec 27 13:25:55 2024] Receiving new connection
[Fri Dec 27 13:25:55 2024] Client assigned to room: room_0, ID: 3, Socket: 8
[Fri Dec 27 13:26:12 2024] Server shutting down gracefully
[Fri Dec 27 13:26:12 2024] Server Gracefully Shutdown
[Fri Dec 27 13:26:17 2024] Config server carregada.
[Fri Dec 27 13:26:17 2024] Servidor começou
[Fri Dec 27 13:26:17 2024] Boards carregados para memoria com sucesso
[Fri Dec 27 13:26:17 2024] A começar setup do socket de connecção
[Fri Dec 27 13:26:17 2024] Socket criado com sucesso. socket_fd: 3
[Fri Dec 27 13:26:17 2024] Socket deu bind com sucesso
[Fri Dec 27 13:26:17 2024] Server começou a ouvir conecções ao servidor
[Fri Dec 27 13:26:19 2024] Receiving new connection
[Fri Dec 27 13:26:19 2024] New Coop room created and first client connected
[Fri Dec 27 13:26:19 2024] Client connected to room: room_0, with ID: 1, Socket: 4
[Fri Dec 27 13:26:19 2024] Client handshake completed
[Fri Dec 27 13:26:20 2024] Receiving new connection
[Fri Dec 27 13:26:20 2024] Client assigned to room: room_0, ID: 1, Socket: 5
[Fri Dec 27 13:26:21 2024] Receiving new connection
[Fri Dec 27 13:26:21 2024] Client assigned to room: room_0, ID: 2, Socket: 7
[Fri Dec 27 13:26:23 2024] Receiving new connection
[Fri Dec 27 13:26:23 2024] Client assigned to room: room_0, ID: 3, Socket: 8
[Fri Dec 27 13:27:06 2024] Server shutting down gracefully
[Fri Dec 27 13:27:06 2024] Server Gracefully Shutdown
[Fri Dec 27 13:30:07 2024] Config server carregada.
[Fri Dec 27 13:30:07 2024] Servidor começou
[Fri Dec 27 13:30:07 2024] Boards carregados para memoria com sucesso
[Fri Dec 27 13:30:07 2024] A começar setup do socket de connecção
[Fri Dec 27 13:30:07 2024] Socket criado com sucesso. socket_fd: 3
[Fri Dec 27 13:30:07 2024] Socket deu bind com sucesso
[Fri Dec 27 13:30:07 2024] Server começou a ouvir conecções ao servidor
[Fri Dec 27 13:30:08 2024] Receiving new connection
[Fri Dec 27 13:30:08 2024] New Coop room created and first client connected
[Fri Dec 27 13:30:08 2024] Client connected to room: room_0, with ID: 1, Socket: 4
[Fri Dec 27 13:30:08 2024] Client handshake completed
[Fri Dec 27 13:30:10 2024] Receiving new connection
[Fri Dec 27 13:30:10 2024] Client assigned to room: room_0, ID: 1, Socket: 7
[Fri Dec 27 13:30:11 2024] Receiving new connection
[Fri Dec 27 13:30:11 2024] Client assigned to room: room_0, ID: 2, Socket: 6
[Fri Dec 27 13:30:13 2024] Receiving new connection
[Fri Dec 27 13:30:13 2024] Client assigned to room: room_0, ID: 3, Socket: 8
[Fri Dec 27 13:30:29 2024] Server shutting down gracefully
[Fri Dec 27 13:30:29 2024] Server Gracefully Shutdown
[Fri Dec 27 13:30:31 2024] Config server carregada.
[Fri Dec 27 13:30:31 2024] Servidor começou
[Fri Dec 27 13:30:31 2024] Boards carregados para memoria com sucesso
[Fri Dec 27 13:30:31 2024] A começar setup do socket de connecção
[Fri Dec 27 13:30:31 2024] Socket criado com sucesso. socket_fd: 3
[Fri Dec 27 13:30:31 2024] Socket deu bind com sucesso
[Fri Dec 27 13:30:31 2024] Server começou a ouvir conecções ao servidor
[Fri Dec 27 13:30:32 2024] Receiving new connection
[Fri Dec 27 13:30:32 2024] New Coop room created and first client connected
[Fri Dec 27 13:30:32 2024] Client connected to room: room_0, with ID: 1, Socket: 4
[Fri Dec 27 13:30:32 2024] Client handshake completed
[Fri Dec 27 13:30:34 2024] Receiving new connection
[Fri Dec 27 13:30:34 2024] Client assigned to room: room_0, ID: 1, Socket: 7
[Fri Dec 27 13:30:37 2024] Receiving new connection
[Fri Dec 27 13:30:37 2024] Client assigned to room: room_0, ID: 2, Socket: 6
[Fri Dec 27 13:30:38 2024] Receiving new connection
[Fri Dec 27 13:30:38 2024] Client assigned to room: room_0, ID: 3, Socket: 8
[Fri Dec 27 13:30:55 2024] Server shutting down gracefully
[Fri Dec 27 13:30:55 2024] Server Gracefully Shutdown
[Fri Dec 27 13:32:33 2024] Config server carregada.
[Fri Dec 27 13:32:33 2024] Servidor começou
[Fri Dec 27 13:32:33 2024] Boards carregados para memoria com sucesso
[Fri Dec 27 13:32:33 2024] A começar setup do socket de connecção
[Fri Dec 27 13:32:33 2024] Socket criado com sucesso. socket_fd: 3
[Fri Dec 27 13:32:33 2024] Socket deu bind com sucesso
[Fri Dec 27 13:32:33 2024] Server começou a ouvir conecções ao servidor
[Fri Dec 27 13:32:35 2024] Receiving new connection
[Fri Dec 27 13:32:35 2024] New Coop room created and first client connected
[Fri Dec 27 13:32:35 2024] Client connected to room: room_0, with ID: 1, Socket: 4
[Fri Dec 27 13:32:35 2024] Client handshake completed
[Fri Dec 27 13:32:37 2024] Receiving new connection
[Fri Dec 27 13:32:37 2024] Client assigned to room: room_0, ID: 1, Socket: 6
[Fri Dec 27 13:32:41 2024] Receiving new connection
[Fri Dec 27 13:32:41 2024] Client assigned to room: room_0, ID: 2, Socket: 7
[Fri Dec 27 13:32:44 2024] Receiving new connection
[Fri Dec 27 13:32:44 2024] Client assigned to room: room_0, ID: 3, Socket: 8
[Fri Dec 27 13:32:52 2024] Server shutting down gracefully
[Fri Dec 27 13:32:52 2024] Server Gracefully Shutdown
[Fri Dec 27 13:37:35 2024] Config server carregada.
[Fri Dec 27 13:37:35 2024] Servidor começou
[Fri Dec 27 13:37:35 2024] Boards carregados para memoria com sucesso
[Fri Dec 27 13:37:35 2024] A começar setup do socket de connecção
[Fri Dec 27 13:37:35 2024] Socket criado com sucesso. socket_fd: 3
[Fri Dec 27 13:37:35 2024] Socket deu bind com sucesso
[Fri Dec 27 13:37:35 2024] Server começou a ouvir conecções ao servidor
[Fri Dec 27 13:37:38 2024] Receiving new connection
[Fri Dec 27 13:37:38 2024] New Singleplayer room created and first client connected
[Fri Dec 27 13:37:38 2024] Client connected to room: room_0, with ID: 1, Socket: 4
[Fri Dec 27 13:37:38 2024] Client handshake completed
[Fri Dec 27 13:37:52 2024] Server shutting down gracefully
[Fri Dec 27 13:37:52 2024] Server Gracefully Shutdown
[Fri Dec 27 13:38:10 2024] Config server carregada.
[Fri Dec 27 13:38:10 2024] Servidor começou
[Fri Dec 27 13:38:10 2024] Boards carregados para memoria com sucesso
[Fri Dec 27 13:38:10 2024] A começar setup do socket de connecção
[Fri Dec 27 13:38:10 2024] Socket criado com sucesso. socket_fd: 3
[Fri Dec 27 13:38:10 2024] Socket deu bind com sucesso
[Fri Dec 27 13:38:10 2024] Server começou a ouvir conecções ao servidor
[Fri Dec 27 13:38:13 2024] Receiving new connection
[Fri Dec 27 13:38:13 2024] New Singleplayer room created and first client connected
[Fri Dec 27 13:38:13 2024] Client connected to room: room_0, with ID: 1, Socket: 4
[Fri Dec 27 13:38:13 2024] Client handshake completed
[Fri Dec 27 13:38:15 2024] Receiving new connection
[Fri Dec 27 13:38:15 2024] New Coop room created and first client connected
[Fri Dec 27 13:38:15 2024] Client connected to room: room_1, with ID: 1, Socket: 7
[Fri Dec 27 13:38:15 2024] Client handshake completed
[Fri Dec 27 13:38:17 2024] Receiving new connection
[Fri Dec 27 13:38:17 2024] Client assigned to room: room_1, ID: 1, Socket: 8
[Fri Dec 27 13:38:19 2024] Receiving new connection
[Fri Dec 27 13:38:19 2024] Client assigned to room: room_1, ID: 2, Socket: 9
[Fri Dec 27 13:38:28 2024] Server shutting down gracefully
[Fri Dec 27 13:38:28 2024] Server Gracefully Shutdown
[Fri Dec 27 13:38:53 2024] Config server carregada.
[Fri Dec 27 13:38:53 2024] Servidor começou
[Fri Dec 27 13:38:53 2024] Boards carregados para memoria com sucesso
[Fri Dec 27 13:38:53 2024] A começar setup do socket de connecção
[Fri Dec 27 13:38:53 2024] Socket criado com sucesso. socket_fd: 3
[Fri Dec 27 13:38:53 2024] Socket deu bind com sucesso
[Fri Dec 27 13:38:53 2024] Server começou a ouvir conecções ao servidor
[Fri Dec 27 13:39:01 2024] Config server carregada.
[Fri Dec 27 13:39:01 2024] Servidor começou
[Fri Dec 27 13:39:01 2024] Boards carregados para memoria com sucesso
[Fri Dec 27 13:39:01 2024] A começar setup do socket de connecção
[Fri Dec 27 13:39:01 2024] Socket criado com sucesso. socket_fd: 3
[Fri Dec 27 13:39:01 2024] Socket deu bind com sucesso
[Fri Dec 27 13:39:01 2024] Server começou a ouvir conecções ao servidor
[Fri Dec 27 13:44:26 2024] Config server carregada.
[Fri Dec 27 13:44:26 2024] Servidor começou
[Fri Dec 27 13:44:26 2024] Boards carregados para memoria com sucesso
[Fri Dec 27 13:44:26 2024] A começar setup do socket de connecção
[Fri Dec 27 13:44:26 2024] Socket criado com sucesso. socket_fd: 3
[Fri Dec 27 13:44:26 2024] Socket deu bind com sucesso
[Fri Dec 27 13:44:26 2024] Server começou a ouvir conecções ao servidor
[Fri Dec 27 13:44:28 2024] Receiving new connection
[Fri Dec 27 13:44:28 2024] New Singleplayer room created and first client connected
[Fri Dec 27 13:44:28 2024] Client connected to room: room_0, with ID: 1, Socket: 4
[Fri Dec 27 13:44:28 2024] Client handshake completed
[Fri Dec 27 13:44:36 2024] Server shutting down gracefully
[Fri Dec 27 13:44:36 2024] Server Gracefully Shutdown
[Fri Dec 27 13:56:33 2024] Config server carregada.
[Fri Dec 27 13:56:33 2024] Servidor começou
[Fri Dec 27 13:56:33 2024] Boards carregados para memoria com sucesso
[Fri Dec 27 13:56:33 2024] A começar setup do socket de connecção
[Fri Dec 27 13:56:33 2024] Socket criado com sucesso. socket_fd: 3
[Fri Dec 27 13:56:33 2024] Socket deu bind com sucesso
[Fri Dec 27 13:56:33 2024] Server começou a ouvir conecções ao servidor
